"Record Length",2500,"Points",-5.00000000e-008,7.99999803e-003
"Sample Interval",4.00000000e-011,s,-4.99600000e-008,7.99999803e-003
"Trigger Point",1250,"Samples",-4.99200000e-008,-2.08616256e-009
"Trigger Time",4.00000000e-011,s,-4.98800000e-008,-8.00000221e-003
"",,,-4.98400000e-008,-1.60000023e-002
"Horizontal Offset",-5.00000000e-008,s,-4.98000000e-008,-1.60000023e-002
,,,-4.97600000e-008,-8.00000221e-003
,,,-4.97200000e-008,-8.00000221e-003
,,,-4.96800000e-008,-2.08616256e-009
,,,-4.96400000e-008,-2.08616256e-009
,,,-4.96000000e-008,-2.08616256e-009
,,,-4.95600000e-008,-2.08616256e-009
,,,-4.95200000e-008,-8.00000221e-003
,,,-4.94800000e-008,-8.00000221e-003
,,,-4.94400000e-008,-8.00000221e-003
,,,-4.94000000e-008,-8.00000221e-003
,,,-4.93600000e-008,-8.00000221e-003
,,,-4.93200000e-008,-1.60000023e-002
,,,-4.92800000e-008,-1.60000023e-002
,,,-4.92400000e-008,-1.60000023e-002
,,,-4.92000000e-008,-1.60000023e-002
,,,-4.91600000e-008,-1.60000023e-002
,,,-4.91200000e-008,-1.60000023e-002
,,,-4.90800000e-008,-1.60000023e-002
,,,-4.90400000e-008,-8.00000221e-003
,,,-4.90000000e-008,-2.08616256e-009
,,,-4.89600000e-008,-2.08616256e-009
,,,-4.89200000e-008,-2.08616256e-009
,,,-4.88800000e-008,-2.08616256e-009
,,,-4.88400000e-008,-8.00000221e-003
,,,-4.88000000e-008,-8.00000221e-003
,,,-4.87600000e-008,-8.00000221e-003
,,,-4.87200000e-008,-8.00000221e-003
,,,-4.86800000e-008,-2.08616256e-009
,,,-4.86400000e-008,-2.08616256e-009
,,,-4.86000000e-008,-2.08616256e-009
,,,-4.85600000e-008,-8.00000221e-003
,,,-4.85200000e-008,-8.00000221e-003
,,,-4.84800000e-008,-8.00000221e-003
,,,-4.84400000e-008,-2.08616256e-009
,,,-4.84000000e-008,-2.08616256e-009
,,,-4.83600000e-008,7.99999803e-003
,,,-4.83200000e-008,7.99999803e-003
,,,-4.82800000e-008,-2.08616256e-009
,,,-4.82400000e-008,-8.00000221e-003
,,,-4.82000000e-008,-8.00000221e-003
,,,-4.81600000e-008,-2.08616256e-009
,,,-4.81200000e-008,-2.08616256e-009
,,,-4.80800000e-008,-2.08616256e-009
,,,-4.80400000e-008,-2.08616256e-009
,,,-4.80000000e-008,-8.00000221e-003
,,,-4.79600000e-008,-8.00000221e-003
,,,-4.79200000e-008,-8.00000221e-003
,,,-4.78800000e-008,-8.00000221e-003
,,,-4.78400000e-008,-8.00000221e-003
,,,-4.78000000e-008,-2.08616256e-009
,,,-4.77600000e-008,-8.00000221e-003
,,,-4.77200000e-008,-8.00000221e-003
,,,-4.76800000e-008,-8.00000221e-003
,,,-4.76400000e-008,-2.08616256e-009
,,,-4.76000000e-008,-2.08616256e-009
,,,-4.75600000e-008,-8.00000221e-003
,,,-4.75200000e-008,-8.00000221e-003
,,,-4.74800000e-008,-8.00000221e-003
,,,-4.74400000e-008,-8.00000221e-003
,,,-4.74000000e-008,-8.00000221e-003
,,,-4.73600000e-008,-2.08616256e-009
,,,-4.73200000e-008,-2.08616256e-009
,,,-4.72800000e-008,-8.00000221e-003
,,,-4.72400000e-008,-8.00000221e-003
,,,-4.72000000e-008,-8.00000221e-003
,,,-4.71600000e-008,-8.00000221e-003
,,,-4.71200000e-008,-8.00000221e-003
,,,-4.70800000e-008,-8.00000221e-003
,,,-4.70400000e-008,-8.00000221e-003
,,,-4.70000000e-008,-1.60000023e-002
,,,-4.69600000e-008,-1.60000023e-002
,,,-4.69200000e-008,-8.00000221e-003
,,,-4.68800000e-008,-2.08616256e-009
,,,-4.68400000e-008,-2.08616256e-009
,,,-4.68000000e-008,-2.08616256e-009
,,,-4.67600000e-008,-8.00000221e-003
,,,-4.67200000e-008,-8.00000221e-003
,,,-4.66800000e-008,-1.60000023e-002
,,,-4.66400000e-008,-8.00000221e-003
,,,-4.66000000e-008,-8.00000221e-003
,,,-4.65600000e-008,-2.08616256e-009
,,,-4.65200000e-008,-8.00000221e-003
,,,-4.64800000e-008,-8.00000221e-003
,,,-4.64400000e-008,-8.00000221e-003
,,,-4.64000000e-008,-8.00000221e-003
,,,-4.63600000e-008,-8.00000221e-003
,,,-4.63200000e-008,-2.08616256e-009
,,,-4.62800000e-008,7.99999803e-003
,,,-4.62400000e-008,7.99999803e-003
,,,-4.62000000e-008,-2.08616256e-009
,,,-4.61600000e-008,-8.00000221e-003
,,,-4.61200000e-008,-1.60000023e-002
,,,-4.60800000e-008,-1.60000023e-002
,,,-4.60400000e-008,-8.00000221e-003
,,,-4.60000000e-008,-8.00000221e-003
,,,-4.59600000e-008,-8.00000221e-003
,,,-4.59200000e-008,-8.00000221e-003
,,,-4.58800000e-008,-8.00000221e-003
,,,-4.58400000e-008,-8.00000221e-003
,,,-4.58000000e-008,-8.00000221e-003
,,,-4.57600000e-008,-2.08616256e-009
,,,-4.57200000e-008,-2.08616256e-009
,,,-4.56800000e-008,-2.08616256e-009
,,,-4.56400000e-008,-8.00000221e-003
,,,-4.56000000e-008,-8.00000221e-003
,,,-4.55600000e-008,-8.00000221e-003
,,,-4.55200000e-008,-8.00000221e-003
,,,-4.54800000e-008,-8.00000221e-003
,,,-4.54400000e-008,-8.00000221e-003
,,,-4.54000000e-008,-8.00000221e-003
,,,-4.53600000e-008,-8.00000221e-003
,,,-4.53200000e-008,-8.00000221e-003
,,,-4.52800000e-008,-2.08616256e-009
,,,-4.52400000e-008,-2.08616256e-009
,,,-4.52000000e-008,-8.00000221e-003
,,,-4.51600000e-008,-8.00000221e-003
,,,-4.51200000e-008,-8.00000221e-003
,,,-4.50800000e-008,-8.00000221e-003
,,,-4.50400000e-008,-8.00000221e-003
,,,-4.50000000e-008,-8.00000221e-003
,,,-4.49600000e-008,-8.00000221e-003
,,,-4.49200000e-008,-8.00000221e-003
,,,-4.48800000e-008,-8.00000221e-003
,,,-4.48400000e-008,-8.00000221e-003
,,,-4.48000000e-008,-8.00000221e-003
,,,-4.47600000e-008,-8.00000221e-003
,,,-4.47200000e-008,-8.00000221e-003
,,,-4.46800000e-008,-1.60000023e-002
,,,-4.46400000e-008,-1.60000023e-002
,,,-4.46000000e-008,-1.60000023e-002
,,,-4.45600000e-008,-1.60000023e-002
,,,-4.45200000e-008,-1.60000023e-002
,,,-4.44800000e-008,-1.60000023e-002
,,,-4.44400000e-008,-8.00000221e-003
,,,-4.44000000e-008,-8.00000221e-003
,,,-4.43600000e-008,-2.08616256e-009
,,,-4.43200000e-008,-2.08616256e-009
,,,-4.42800000e-008,7.99999803e-003
,,,-4.42400000e-008,7.99999803e-003
,,,-4.42000000e-008,7.99999803e-003
,,,-4.41600000e-008,-2.08616256e-009
,,,-4.41200000e-008,-2.08616256e-009
,,,-4.40800000e-008,-2.08616256e-009
,,,-4.40400000e-008,-8.00000221e-003
,,,-4.40000000e-008,-8.00000221e-003
,,,-4.39600000e-008,-8.00000221e-003
,,,-4.39200000e-008,-8.00000221e-003
,,,-4.38800000e-008,-8.00000221e-003
,,,-4.38400000e-008,-8.00000221e-003
,,,-4.38000000e-008,-8.00000221e-003
,,,-4.37600000e-008,-8.00000221e-003
,,,-4.37200000e-008,-8.00000221e-003
,,,-4.36800000e-008,-8.00000221e-003
,,,-4.36400000e-008,-8.00000221e-003
,,,-4.36000000e-008,-8.00000221e-003
,,,-4.35600000e-008,-8.00000221e-003
,,,-4.35200000e-008,-8.00000221e-003
,,,-4.34800000e-008,-8.00000221e-003
,,,-4.34400000e-008,-8.00000221e-003
,,,-4.34000000e-008,-1.60000023e-002
,,,-4.33600000e-008,-1.60000023e-002
,,,-4.33200000e-008,-8.00000221e-003
,,,-4.32800000e-008,-2.08616256e-009
,,,-4.32400000e-008,-2.08616256e-009
,,,-4.32000000e-008,-2.08616256e-009
,,,-4.31600000e-008,-8.00000221e-003
,,,-4.31200000e-008,-1.60000023e-002
,,,-4.30800000e-008,-1.60000023e-002
,,,-4.30400000e-008,-1.60000023e-002
,,,-4.30000000e-008,-8.00000221e-003
,,,-4.29600000e-008,-8.00000221e-003
,,,-4.29200000e-008,-8.00000221e-003
,,,-4.28800000e-008,-8.00000221e-003
,,,-4.28400000e-008,-8.00000221e-003
,,,-4.28000000e-008,-8.00000221e-003
,,,-4.27600000e-008,-2.08616256e-009
,,,-4.27200000e-008,-2.08616256e-009
,,,-4.26800000e-008,-8.00000221e-003
,,,-4.26400000e-008,-8.00000221e-003
,,,-4.26000000e-008,-8.00000221e-003
,,,-4.25600000e-008,-8.00000221e-003
,,,-4.25200000e-008,-2.08616256e-009
,,,-4.24800000e-008,-2.08616256e-009
,,,-4.24400000e-008,-2.08616256e-009
,,,-4.24000000e-008,-8.00000221e-003
,,,-4.23600000e-008,-8.00000221e-003
,,,-4.23200000e-008,-1.60000023e-002
,,,-4.22800000e-008,-1.60000023e-002
,,,-4.22400000e-008,-1.60000023e-002
,,,-4.22000000e-008,-1.60000023e-002
,,,-4.21600000e-008,-8.00000221e-003
,,,-4.21200000e-008,-8.00000221e-003
,,,-4.20800000e-008,-8.00000221e-003
,,,-4.20400000e-008,-8.00000221e-003
,,,-4.20000000e-008,-8.00000221e-003
,,,-4.19600000e-008,-8.00000221e-003
,,,-4.19200000e-008,-8.00000221e-003
,,,-4.18800000e-008,-8.00000221e-003
,,,-4.18400000e-008,-8.00000221e-003
,,,-4.18000000e-008,-1.60000023e-002
,,,-4.17600000e-008,-1.60000023e-002
,,,-4.17200000e-008,-1.60000023e-002
,,,-4.16800000e-008,-8.00000221e-003
,,,-4.16400000e-008,-8.00000221e-003
,,,-4.16000000e-008,-2.08616256e-009
,,,-4.15600000e-008,-2.08616256e-009
,,,-4.15200000e-008,-8.00000221e-003
,,,-4.14800000e-008,-8.00000221e-003
,,,-4.14400000e-008,-8.00000221e-003
,,,-4.14000000e-008,-2.08616256e-009
,,,-4.13600000e-008,-2.08616256e-009
,,,-4.13200000e-008,-8.00000221e-003
,,,-4.12800000e-008,-1.60000023e-002
,,,-4.12400000e-008,-1.60000023e-002
,,,-4.12000000e-008,-1.60000023e-002
,,,-4.11600000e-008,-8.00000221e-003
,,,-4.11200000e-008,-2.08616256e-009
,,,-4.10800000e-008,-2.08616256e-009
,,,-4.10400000e-008,-2.08616256e-009
,,,-4.10000000e-008,-2.08616256e-009
,,,-4.09600000e-008,-8.00000221e-003
,,,-4.09200000e-008,-8.00000221e-003
,,,-4.08800000e-008,-8.00000221e-003
,,,-4.08400000e-008,-2.08616256e-009
,,,-4.08000000e-008,-2.08616256e-009
,,,-4.07600000e-008,-2.08616256e-009
,,,-4.07200000e-008,-8.00000221e-003
,,,-4.06800000e-008,-8.00000221e-003
,,,-4.06400000e-008,-8.00000221e-003
,,,-4.06000000e-008,-2.08616256e-009
,,,-4.05600000e-008,-2.08616256e-009
,,,-4.05200000e-008,-2.08616256e-009
,,,-4.04800000e-008,-2.08616256e-009
,,,-4.04400000e-008,-2.08616256e-009
,,,-4.04000000e-008,-2.08616256e-009
,,,-4.03600000e-008,-8.00000221e-003
,,,-4.03200000e-008,-8.00000221e-003
,,,-4.02800000e-008,-8.00000221e-003
,,,-4.02400000e-008,-2.08616256e-009
,,,-4.02000000e-008,-2.08616256e-009
,,,-4.01600000e-008,-2.08616256e-009
,,,-4.01200000e-008,-8.00000221e-003
,,,-4.00800000e-008,-1.60000023e-002
,,,-4.00400000e-008,-1.60000023e-002
,,,-4.00000000e-008,-1.60000023e-002
,,,-3.99600000e-008,-1.60000023e-002
,,,-3.99200000e-008,-8.00000221e-003
,,,-3.98800000e-008,-2.08616256e-009
,,,-3.98400000e-008,7.99999803e-003
,,,-3.98000000e-008,-2.08616256e-009
,,,-3.97600000e-008,-8.00000221e-003
,,,-3.97200000e-008,-1.60000023e-002
,,,-3.96800000e-008,-1.60000023e-002
,,,-3.96400000e-008,-1.60000023e-002
,,,-3.96000000e-008,-1.60000023e-002
,,,-3.95600000e-008,-8.00000221e-003
,,,-3.95200000e-008,-8.00000221e-003
,,,-3.94800000e-008,-8.00000221e-003
,,,-3.94400000e-008,-8.00000221e-003
,,,-3.94000000e-008,-8.00000221e-003
,,,-3.93600000e-008,-8.00000221e-003
,,,-3.93200000e-008,-8.00000221e-003
,,,-3.92800000e-008,-8.00000221e-003
,,,-3.92400000e-008,-8.00000221e-003
,,,-3.92000000e-008,-1.60000023e-002
,,,-3.91600000e-008,-1.60000023e-002
,,,-3.91200000e-008,-8.00000221e-003
,,,-3.90800000e-008,-2.08616256e-009
,,,-3.90400000e-008,7.99999803e-003
,,,-3.90000000e-008,7.99999803e-003
,,,-3.89600000e-008,7.99999803e-003
,,,-3.89200000e-008,-2.08616256e-009
,,,-3.88800000e-008,-2.08616256e-009
,,,-3.88400000e-008,-8.00000221e-003
,,,-3.88000000e-008,-1.60000023e-002
,,,-3.87600000e-008,-1.60000023e-002
,,,-3.87200000e-008,-2.40000024e-002
,,,-3.86800000e-008,-2.40000024e-002
,,,-3.86400000e-008,-1.60000023e-002
,,,-3.86000000e-008,-8.00000221e-003
,,,-3.85600000e-008,-8.00000221e-003
,,,-3.85200000e-008,-8.00000221e-003
,,,-3.84800000e-008,-8.00000221e-003
,,,-3.84400000e-008,-8.00000221e-003
,,,-3.84000000e-008,-8.00000221e-003
,,,-3.83600000e-008,-8.00000221e-003
,,,-3.83200000e-008,-8.00000221e-003
,,,-3.82800000e-008,-8.00000221e-003
,,,-3.82400000e-008,-8.00000221e-003
,,,-3.82000000e-008,-1.60000023e-002
,,,-3.81600000e-008,-8.00000221e-003
,,,-3.81200000e-008,-2.08616256e-009
,,,-3.80800000e-008,7.99999803e-003
,,,-3.80400000e-008,7.99999803e-003
,,,-3.80000000e-008,-2.08616256e-009
,,,-3.79600000e-008,-2.08616256e-009
,,,-3.79200000e-008,-8.00000221e-003
,,,-3.78800000e-008,-8.00000221e-003
,,,-3.78400000e-008,-8.00000221e-003
,,,-3.78000000e-008,-8.00000221e-003
,,,-3.77600000e-008,-8.00000221e-003
,,,-3.77200000e-008,-8.00000221e-003
,,,-3.76800000e-008,-8.00000221e-003
,,,-3.76400000e-008,-8.00000221e-003
,,,-3.76000000e-008,-8.00000221e-003
,,,-3.75600000e-008,-8.00000221e-003
,,,-3.75200000e-008,-8.00000221e-003
,,,-3.74800000e-008,-8.00000221e-003
,,,-3.74400000e-008,-8.00000221e-003
,,,-3.74000000e-008,-8.00000221e-003
,,,-3.73600000e-008,-8.00000221e-003
,,,-3.73200000e-008,-8.00000221e-003
,,,-3.72800000e-008,-8.00000221e-003
,,,-3.72400000e-008,-8.00000221e-003
,,,-3.72000000e-008,-1.60000023e-002
,,,-3.71600000e-008,-8.00000221e-003
,,,-3.71200000e-008,-8.00000221e-003
,,,-3.70800000e-008,-8.00000221e-003
,,,-3.70400000e-008,-2.08616256e-009
,,,-3.70000000e-008,-2.08616256e-009
,,,-3.69600000e-008,-8.00000221e-003
,,,-3.69200000e-008,-8.00000221e-003
,,,-3.68800000e-008,-8.00000221e-003
,,,-3.68400000e-008,-8.00000221e-003
,,,-3.68000000e-008,-8.00000221e-003
,,,-3.67600000e-008,-8.00000221e-003
,,,-3.67200000e-008,-8.00000221e-003
,,,-3.66800000e-008,-8.00000221e-003
,,,-3.66400000e-008,-8.00000221e-003
,,,-3.66000000e-008,-8.00000221e-003
,,,-3.65600000e-008,-1.60000023e-002
,,,-3.65200000e-008,-1.60000023e-002
,,,-3.64800000e-008,-1.60000023e-002
,,,-3.64400000e-008,-1.60000023e-002
,,,-3.64000000e-008,-8.00000221e-003
,,,-3.63600000e-008,-8.00000221e-003
,,,-3.63200000e-008,-2.08616256e-009
,,,-3.62800000e-008,-8.00000221e-003
,,,-3.62400000e-008,-8.00000221e-003
,,,-3.62000000e-008,-8.00000221e-003
,,,-3.61600000e-008,-8.00000221e-003
,,,-3.61200000e-008,-8.00000221e-003
,,,-3.60800000e-008,-8.00000221e-003
,,,-3.60400000e-008,-8.00000221e-003
,,,-3.60000000e-008,-8.00000221e-003
,,,-3.59600000e-008,-1.60000023e-002
,,,-3.59200000e-008,-1.60000023e-002
,,,-3.58800000e-008,-1.60000023e-002
,,,-3.58400000e-008,-1.60000023e-002
,,,-3.58000000e-008,-8.00000221e-003
,,,-3.57600000e-008,-8.00000221e-003
,,,-3.57200000e-008,-2.08616256e-009
,,,-3.56800000e-008,-2.08616256e-009
,,,-3.56400000e-008,-2.08616256e-009
,,,-3.56000000e-008,-2.08616256e-009
,,,-3.55600000e-008,-8.00000221e-003
,,,-3.55200000e-008,-8.00000221e-003
,,,-3.54800000e-008,-8.00000221e-003
,,,-3.54400000e-008,-8.00000221e-003
,,,-3.54000000e-008,-2.08616256e-009
,,,-3.53600000e-008,-2.08616256e-009
,,,-3.53200000e-008,-2.08616256e-009
,,,-3.52800000e-008,-8.00000221e-003
,,,-3.52400000e-008,-8.00000221e-003
,,,-3.52000000e-008,-8.00000221e-003
,,,-3.51600000e-008,-8.00000221e-003
,,,-3.51200000e-008,-8.00000221e-003
,,,-3.50800000e-008,-8.00000221e-003
,,,-3.50400000e-008,-2.08616256e-009
,,,-3.50000000e-008,-2.08616256e-009
,,,-3.49600000e-008,-2.08616256e-009
,,,-3.49200000e-008,-8.00000221e-003
,,,-3.48800000e-008,-8.00000221e-003
,,,-3.48400000e-008,-8.00000221e-003
,,,-3.48000000e-008,-8.00000221e-003
,,,-3.47600000e-008,-8.00000221e-003
,,,-3.47200000e-008,-8.00000221e-003
,,,-3.46800000e-008,-8.00000221e-003
,,,-3.46400000e-008,-8.00000221e-003
,,,-3.46000000e-008,-8.00000221e-003
,,,-3.45600000e-008,-2.08616256e-009
,,,-3.45200000e-008,-2.08616256e-009
,,,-3.44800000e-008,-2.08616256e-009
,,,-3.44400000e-008,-2.08616256e-009
,,,-3.44000000e-008,-8.00000221e-003
,,,-3.43600000e-008,-2.08616256e-009
,,,-3.43200000e-008,-2.08616256e-009
,,,-3.42800000e-008,-2.08616256e-009
,,,-3.42400000e-008,-8.00000221e-003
,,,-3.42000000e-008,-8.00000221e-003
,,,-3.41600000e-008,-1.60000023e-002
,,,-3.41200000e-008,-8.00000221e-003
,,,-3.40800000e-008,-8.00000221e-003
,,,-3.40400000e-008,-2.08616256e-009
,,,-3.40000000e-008,-2.08616256e-009
,,,-3.39600000e-008,-8.00000221e-003
,,,-3.39200000e-008,-1.60000023e-002
,,,-3.38800000e-008,-1.60000023e-002
,,,-3.38400000e-008,-1.60000023e-002
,,,-3.38000000e-008,-8.00000221e-003
,,,-3.37600000e-008,-2.08616256e-009
,,,-3.37200000e-008,-2.08616256e-009
,,,-3.36800000e-008,-8.00000221e-003
,,,-3.36400000e-008,-1.60000023e-002
,,,-3.36000000e-008,-1.60000023e-002
,,,-3.35600000e-008,-1.60000023e-002
,,,-3.35200000e-008,-8.00000221e-003
,,,-3.34800000e-008,-8.00000221e-003
,,,-3.34400000e-008,-8.00000221e-003
,,,-3.34000000e-008,-8.00000221e-003
,,,-3.33600000e-008,-1.60000023e-002
,,,-3.33200000e-008,-1.60000023e-002
,,,-3.32800000e-008,-8.00000221e-003
,,,-3.32400000e-008,-2.08616256e-009
,,,-3.32000000e-008,-2.08616256e-009
,,,-3.31600000e-008,-2.08616256e-009
,,,-3.31200000e-008,-8.00000221e-003
,,,-3.30800000e-008,-1.60000023e-002
,,,-3.30400000e-008,-1.60000023e-002
,,,-3.30000000e-008,-1.60000023e-002
,,,-3.29600000e-008,-8.00000221e-003
,,,-3.29200000e-008,-8.00000221e-003
,,,-3.28800000e-008,-2.08616256e-009
,,,-3.28400000e-008,-2.08616256e-009
,,,-3.28000000e-008,-2.08616256e-009
,,,-3.27600000e-008,-2.08616256e-009
,,,-3.27200000e-008,-2.08616256e-009
,,,-3.26800000e-008,-8.00000221e-003
,,,-3.26400000e-008,-8.00000221e-003
,,,-3.26000000e-008,-8.00000221e-003
,,,-3.25600000e-008,-1.60000023e-002
,,,-3.25200000e-008,-1.60000023e-002
,,,-3.24800000e-008,-1.60000023e-002
,,,-3.24400000e-008,-1.60000023e-002
,,,-3.24000000e-008,-8.00000221e-003
,,,-3.23600000e-008,-8.00000221e-003
,,,-3.23200000e-008,-2.08616256e-009
,,,-3.22800000e-008,-2.08616256e-009
,,,-3.22400000e-008,-2.08616256e-009
,,,-3.22000000e-008,-2.08616256e-009
,,,-3.21600000e-008,-2.08616256e-009
,,,-3.21200000e-008,-2.08616256e-009
,,,-3.20800000e-008,-2.08616256e-009
,,,-3.20400000e-008,-2.08616256e-009
,,,-3.20000000e-008,-2.08616256e-009
,,,-3.19600000e-008,-2.08616256e-009
,,,-3.19200000e-008,-2.08616256e-009
,,,-3.18800000e-008,-2.08616256e-009
,,,-3.18400000e-008,-8.00000221e-003
,,,-3.18000000e-008,-8.00000221e-003
,,,-3.17600000e-008,-1.60000023e-002
,,,-3.17200000e-008,-1.60000023e-002
,,,-3.16800000e-008,-8.00000221e-003
,,,-3.16400000e-008,-8.00000221e-003
,,,-3.16000000e-008,-2.08616256e-009
,,,-3.15600000e-008,-8.00000221e-003
,,,-3.15200000e-008,-8.00000221e-003
,,,-3.14800000e-008,-1.60000023e-002
,,,-3.14400000e-008,-1.60000023e-002
,,,-3.14000000e-008,-8.00000221e-003
,,,-3.13600000e-008,-2.08616256e-009
,,,-3.13200000e-008,-2.08616256e-009
,,,-3.12800000e-008,7.99999803e-003
,,,-3.12400000e-008,-2.08616256e-009
,,,-3.12000000e-008,-2.08616256e-009
,,,-3.11600000e-008,-2.08616256e-009
,,,-3.11200000e-008,-8.00000221e-003
,,,-3.10800000e-008,-8.00000221e-003
,,,-3.10400000e-008,-8.00000221e-003
,,,-3.10000000e-008,-8.00000221e-003
,,,-3.09600000e-008,-8.00000221e-003
,,,-3.09200000e-008,-8.00000221e-003
,,,-3.08800000e-008,-8.00000221e-003
,,,-3.08400000e-008,-2.08616256e-009
,,,-3.08000000e-008,-8.00000221e-003
,,,-3.07600000e-008,-8.00000221e-003
,,,-3.07200000e-008,-8.00000221e-003
,,,-3.06800000e-008,-8.00000221e-003
,,,-3.06400000e-008,-2.08616256e-009
,,,-3.06000000e-008,-2.08616256e-009
,,,-3.05600000e-008,-2.08616256e-009
,,,-3.05200000e-008,-8.00000221e-003
,,,-3.04800000e-008,-1.60000023e-002
,,,-3.04400000e-008,-2.40000024e-002
,,,-3.04000000e-008,-2.40000024e-002
,,,-3.03600000e-008,-1.60000023e-002
,,,-3.03200000e-008,-1.60000023e-002
,,,-3.02800000e-008,-8.00000221e-003
,,,-3.02400000e-008,-8.00000221e-003
,,,-3.02000000e-008,-8.00000221e-003
,,,-3.01600000e-008,-8.00000221e-003
,,,-3.01200000e-008,-8.00000221e-003
,,,-3.00800000e-008,-8.00000221e-003
,,,-3.00400000e-008,-8.00000221e-003
,,,-3.00000000e-008,-8.00000221e-003
,,,-2.99600000e-008,-8.00000221e-003
,,,-2.99200000e-008,-8.00000221e-003
,,,-2.98800000e-008,-8.00000221e-003
,,,-2.98400000e-008,-2.08616256e-009
,,,-2.98000000e-008,-2.08616256e-009
,,,-2.97600000e-008,-8.00000221e-003
,,,-2.97200000e-008,-8.00000221e-003
,,,-2.96800000e-008,-8.00000221e-003
,,,-2.96400000e-008,-8.00000221e-003
,,,-2.96000000e-008,-8.00000221e-003
,,,-2.95600000e-008,-8.00000221e-003
,,,-2.95200000e-008,-2.08616256e-009
,,,-2.94800000e-008,-2.08616256e-009
,,,-2.94400000e-008,-8.00000221e-003
,,,-2.94000000e-008,-8.00000221e-003
,,,-2.93600000e-008,-1.60000023e-002
,,,-2.93200000e-008,-1.60000023e-002
,,,-2.92800000e-008,-1.60000023e-002
,,,-2.92400000e-008,-1.60000023e-002
,,,-2.92000000e-008,-8.00000221e-003
,,,-2.91600000e-008,-8.00000221e-003
,,,-2.91200000e-008,-8.00000221e-003
,,,-2.90800000e-008,-8.00000221e-003
,,,-2.90400000e-008,-1.60000023e-002
,,,-2.90000000e-008,-8.00000221e-003
,,,-2.89600000e-008,-8.00000221e-003
,,,-2.89200000e-008,-2.08616256e-009
,,,-2.88800000e-008,-2.08616256e-009
,,,-2.88400000e-008,-2.08616256e-009
,,,-2.88000000e-008,-8.00000221e-003
,,,-2.87600000e-008,-1.60000023e-002
,,,-2.87200000e-008,-1.60000023e-002
,,,-2.86800000e-008,-8.00000221e-003
,,,-2.86400000e-008,-8.00000221e-003
,,,-2.86000000e-008,-8.00000221e-003
,,,-2.85600000e-008,-8.00000221e-003
,,,-2.85200000e-008,-8.00000221e-003
,,,-2.84800000e-008,-1.60000023e-002
,,,-2.84400000e-008,-1.60000023e-002
,,,-2.84000000e-008,-8.00000221e-003
,,,-2.83600000e-008,-8.00000221e-003
,,,-2.83200000e-008,-8.00000221e-003
,,,-2.82800000e-008,-8.00000221e-003
,,,-2.82400000e-008,-8.00000221e-003
,,,-2.82000000e-008,-8.00000221e-003
,,,-2.81600000e-008,-8.00000221e-003
,,,-2.81200000e-008,-2.08616256e-009
,,,-2.80800000e-008,-2.08616256e-009
,,,-2.80400000e-008,-2.08616256e-009
,,,-2.80000000e-008,-2.08616256e-009
,,,-2.79600000e-008,-8.00000221e-003
,,,-2.79200000e-008,-8.00000221e-003
,,,-2.78800000e-008,-8.00000221e-003
,,,-2.78400000e-008,-8.00000221e-003
,,,-2.78000000e-008,-8.00000221e-003
,,,-2.77600000e-008,-8.00000221e-003
,,,-2.77200000e-008,-8.00000221e-003
,,,-2.76800000e-008,-1.60000023e-002
,,,-2.76400000e-008,-1.60000023e-002
,,,-2.76000000e-008,-1.60000023e-002
,,,-2.75600000e-008,-8.00000221e-003
,,,-2.75200000e-008,-2.08616256e-009
,,,-2.74800000e-008,-2.08616256e-009
,,,-2.74400000e-008,-2.08616256e-009
,,,-2.74000000e-008,-8.00000221e-003
,,,-2.73600000e-008,-1.60000023e-002
,,,-2.73200000e-008,-1.60000023e-002
,,,-2.72800000e-008,-1.60000023e-002
,,,-2.72400000e-008,-8.00000221e-003
,,,-2.72000000e-008,-8.00000221e-003
,,,-2.71600000e-008,-2.08616256e-009
,,,-2.71200000e-008,-2.08616256e-009
,,,-2.70800000e-008,-2.08616256e-009
,,,-2.70400000e-008,-2.08616256e-009
,,,-2.70000000e-008,-8.00000221e-003
,,,-2.69600000e-008,-1.60000023e-002
,,,-2.69200000e-008,-1.60000023e-002
,,,-2.68800000e-008,-1.60000023e-002
,,,-2.68400000e-008,-1.60000023e-002
,,,-2.68000000e-008,-8.00000221e-003
,,,-2.67600000e-008,-2.08616256e-009
,,,-2.67200000e-008,-8.00000221e-003
,,,-2.66800000e-008,-8.00000221e-003
,,,-2.66400000e-008,-1.60000023e-002
,,,-2.66000000e-008,-2.40000024e-002
,,,-2.65600000e-008,-1.60000023e-002
,,,-2.65200000e-008,-1.60000023e-002
,,,-2.64800000e-008,-1.60000023e-002
,,,-2.64400000e-008,-1.60000023e-002
,,,-2.64000000e-008,-1.60000023e-002
,,,-2.63600000e-008,-1.60000023e-002
,,,-2.63200000e-008,-8.00000221e-003
,,,-2.62800000e-008,-2.08616256e-009
,,,-2.62400000e-008,-2.08616256e-009
,,,-2.62000000e-008,-2.08616256e-009
,,,-2.61600000e-008,-2.08616256e-009
,,,-2.61200000e-008,-2.08616256e-009
,,,-2.60800000e-008,-2.08616256e-009
,,,-2.60400000e-008,-2.08616256e-009
,,,-2.60000000e-008,-2.08616256e-009
,,,-2.59600000e-008,-8.00000221e-003
,,,-2.59200000e-008,-8.00000221e-003
,,,-2.58800000e-008,-1.60000023e-002
,,,-2.58400000e-008,-1.60000023e-002
,,,-2.58000000e-008,-1.60000023e-002
,,,-2.57600000e-008,-8.00000221e-003
,,,-2.57200000e-008,-8.00000221e-003
,,,-2.56800000e-008,-1.60000023e-002
,,,-2.56400000e-008,-1.60000023e-002
,,,-2.56000000e-008,-2.40000024e-002
,,,-2.55600000e-008,-1.60000023e-002
,,,-2.55200000e-008,-1.60000023e-002
,,,-2.54800000e-008,-8.00000221e-003
,,,-2.54400000e-008,-2.08616256e-009
,,,-2.54000000e-008,-8.00000221e-003
,,,-2.53600000e-008,-8.00000221e-003
,,,-2.53200000e-008,-1.60000023e-002
,,,-2.52800000e-008,-1.60000023e-002
,,,-2.52400000e-008,-1.60000023e-002
,,,-2.52000000e-008,-8.00000221e-003
,,,-2.51600000e-008,-2.08616256e-009
,,,-2.51200000e-008,-2.08616256e-009
,,,-2.50800000e-008,-2.08616256e-009
,,,-2.50400000e-008,-2.08616256e-009
,,,-2.50000000e-008,-8.00000221e-003
,,,-2.49600000e-008,-8.00000221e-003
,,,-2.49200000e-008,-1.60000023e-002
,,,-2.48800000e-008,-1.60000023e-002
,,,-2.48400000e-008,-8.00000221e-003
,,,-2.48000000e-008,-8.00000221e-003
,,,-2.47600000e-008,-1.60000023e-002
,,,-2.47200000e-008,-1.60000023e-002
,,,-2.46800000e-008,-1.60000023e-002
,,,-2.46400000e-008,-1.60000023e-002
,,,-2.46000000e-008,-8.00000221e-003
,,,-2.45600000e-008,-8.00000221e-003
,,,-2.45200000e-008,-2.08616256e-009
,,,-2.44800000e-008,-2.08616256e-009
,,,-2.44400000e-008,-2.08616256e-009
,,,-2.44000000e-008,-2.08616256e-009
,,,-2.43600000e-008,-2.08616256e-009
,,,-2.43200000e-008,-2.08616256e-009
,,,-2.42800000e-008,-2.08616256e-009
,,,-2.42400000e-008,-2.08616256e-009
,,,-2.42000000e-008,-8.00000221e-003
,,,-2.41600000e-008,-8.00000221e-003
,,,-2.41200000e-008,-8.00000221e-003
,,,-2.40800000e-008,-8.00000221e-003
,,,-2.40400000e-008,-8.00000221e-003
,,,-2.40000000e-008,-2.08616256e-009
,,,-2.39600000e-008,-2.08616256e-009
,,,-2.39200000e-008,-2.08616256e-009
,,,-2.38800000e-008,-8.00000221e-003
,,,-2.38400000e-008,-8.00000221e-003
,,,-2.38000000e-008,-1.60000023e-002
,,,-2.37600000e-008,-8.00000221e-003
,,,-2.37200000e-008,-8.00000221e-003
,,,-2.36800000e-008,-8.00000221e-003
,,,-2.36400000e-008,-8.00000221e-003
,,,-2.36000000e-008,-8.00000221e-003
,,,-2.35600000e-008,-8.00000221e-003
,,,-2.35200000e-008,-1.60000023e-002
,,,-2.34800000e-008,-1.60000023e-002
,,,-2.34400000e-008,-1.60000023e-002
,,,-2.34000000e-008,-1.60000023e-002
,,,-2.33600000e-008,-1.60000023e-002
,,,-2.33200000e-008,-1.60000023e-002
,,,-2.32800000e-008,-8.00000221e-003
,,,-2.32400000e-008,-2.08616256e-009
,,,-2.32000000e-008,7.99999803e-003
,,,-2.31600000e-008,-2.08616256e-009
,,,-2.31200000e-008,-8.00000221e-003
,,,-2.30800000e-008,-8.00000221e-003
,,,-2.30400000e-008,-1.60000023e-002
,,,-2.30000000e-008,-8.00000221e-003
,,,-2.29600000e-008,-8.00000221e-003
,,,-2.29200000e-008,-2.08616256e-009
,,,-2.28800000e-008,-2.08616256e-009
,,,-2.28400000e-008,-8.00000221e-003
,,,-2.28000000e-008,-8.00000221e-003
,,,-2.27600000e-008,-8.00000221e-003
,,,-2.27200000e-008,-8.00000221e-003
,,,-2.26800000e-008,-8.00000221e-003
,,,-2.26400000e-008,-2.08616256e-009
,,,-2.26000000e-008,-2.08616256e-009
,,,-2.25600000e-008,-2.08616256e-009
,,,-2.25200000e-008,-2.08616256e-009
,,,-2.24800000e-008,-2.08616256e-009
,,,-2.24400000e-008,-8.00000221e-003
,,,-2.24000000e-008,-8.00000221e-003
,,,-2.23600000e-008,-8.00000221e-003
,,,-2.23200000e-008,-2.08616256e-009
,,,-2.22800000e-008,-2.08616256e-009
,,,-2.22400000e-008,-2.08616256e-009
,,,-2.22000000e-008,-2.08616256e-009
,,,-2.21600000e-008,-8.00000221e-003
,,,-2.21200000e-008,-1.60000023e-002
,,,-2.20800000e-008,-1.60000023e-002
,,,-2.20400000e-008,-8.00000221e-003
,,,-2.20000000e-008,-2.08616256e-009
,,,-2.19600000e-008,-2.08616256e-009
,,,-2.19200000e-008,-2.08616256e-009
,,,-2.18800000e-008,-8.00000221e-003
,,,-2.18400000e-008,-8.00000221e-003
,,,-2.18000000e-008,-1.60000023e-002
,,,-2.17600000e-008,-1.60000023e-002
,,,-2.17200000e-008,-1.60000023e-002
,,,-2.16800000e-008,-8.00000221e-003
,,,-2.16400000e-008,-8.00000221e-003
,,,-2.16000000e-008,-2.08616256e-009
,,,-2.15600000e-008,-2.08616256e-009
,,,-2.15200000e-008,-2.08616256e-009
,,,-2.14800000e-008,-2.08616256e-009
,,,-2.14400000e-008,-2.08616256e-009
,,,-2.14000000e-008,-2.08616256e-009
,,,-2.13600000e-008,-2.08616256e-009
,,,-2.13200000e-008,-2.08616256e-009
,,,-2.12800000e-008,-2.08616256e-009
,,,-2.12400000e-008,-8.00000221e-003
,,,-2.12000000e-008,-8.00000221e-003
,,,-2.11600000e-008,-8.00000221e-003
,,,-2.11200000e-008,-8.00000221e-003
,,,-2.10800000e-008,-2.08616256e-009
,,,-2.10400000e-008,-2.08616256e-009
,,,-2.10000000e-008,-8.00000221e-003
,,,-2.09600000e-008,-1.60000023e-002
,,,-2.09200000e-008,-1.60000023e-002
,,,-2.08800000e-008,-1.60000023e-002
,,,-2.08400000e-008,-8.00000221e-003
,,,-2.08000000e-008,-2.08616256e-009
,,,-2.07600000e-008,7.99999803e-003
,,,-2.07200000e-008,7.99999803e-003
,,,-2.06800000e-008,7.99999803e-003
,,,-2.06400000e-008,-8.00000221e-003
,,,-2.06000000e-008,-8.00000221e-003
,,,-2.05600000e-008,-1.60000023e-002
,,,-2.05200000e-008,-8.00000221e-003
,,,-2.04800000e-008,-8.00000221e-003
,,,-2.04400000e-008,-2.08616256e-009
,,,-2.04000000e-008,-2.08616256e-009
,,,-2.03600000e-008,-2.08616256e-009
,,,-2.03200000e-008,-2.08616256e-009
,,,-2.02800000e-008,-8.00000221e-003
,,,-2.02400000e-008,-8.00000221e-003
,,,-2.02000000e-008,-8.00000221e-003
,,,-2.01600000e-008,-1.60000023e-002
,,,-2.01200000e-008,-8.00000221e-003
,,,-2.00800000e-008,-8.00000221e-003
,,,-2.00400000e-008,-2.08616256e-009
,,,-2.00000000e-008,-2.08616256e-009
,,,-1.99600000e-008,7.99999803e-003
,,,-1.99200000e-008,7.99999803e-003
,,,-1.98800000e-008,-2.08616256e-009
,,,-1.98400000e-008,-8.00000221e-003
,,,-1.98000000e-008,-8.00000221e-003
,,,-1.97600000e-008,-8.00000221e-003
,,,-1.97200000e-008,-8.00000221e-003
,,,-1.96800000e-008,-2.08616256e-009
,,,-1.96400000e-008,-2.08616256e-009
,,,-1.96000000e-008,-2.08616256e-009
,,,-1.95600000e-008,-2.08616256e-009
,,,-1.95200000e-008,-8.00000221e-003
,,,-1.94800000e-008,-1.60000023e-002
,,,-1.94400000e-008,-1.60000023e-002
,,,-1.94000000e-008,-1.60000023e-002
,,,-1.93600000e-008,-8.00000221e-003
,,,-1.93200000e-008,-8.00000221e-003
,,,-1.92800000e-008,-8.00000221e-003
,,,-1.92400000e-008,-8.00000221e-003
,,,-1.92000000e-008,-8.00000221e-003
,,,-1.91600000e-008,-8.00000221e-003
,,,-1.91200000e-008,-2.08616256e-009
,,,-1.90800000e-008,-2.08616256e-009
,,,-1.90400000e-008,-2.08616256e-009
,,,-1.90000000e-008,-8.00000221e-003
,,,-1.89600000e-008,-8.00000221e-003
,,,-1.89200000e-008,-8.00000221e-003
,,,-1.88800000e-008,-8.00000221e-003
,,,-1.88400000e-008,-8.00000221e-003
,,,-1.88000000e-008,-2.08616256e-009
,,,-1.87600000e-008,-2.08616256e-009
,,,-1.87200000e-008,-2.08616256e-009
,,,-1.86800000e-008,-8.00000221e-003
,,,-1.86400000e-008,-8.00000221e-003
,,,-1.86000000e-008,-8.00000221e-003
,,,-1.85600000e-008,-8.00000221e-003
,,,-1.85200000e-008,-2.08616256e-009
,,,-1.84800000e-008,-2.08616256e-009
,,,-1.84400000e-008,-2.08616256e-009
,,,-1.84000000e-008,-8.00000221e-003
,,,-1.83600000e-008,-8.00000221e-003
,,,-1.83200000e-008,-8.00000221e-003
,,,-1.82800000e-008,-8.00000221e-003
,,,-1.82400000e-008,-2.08616256e-009
,,,-1.82000000e-008,-2.08616256e-009
,,,-1.81600000e-008,-8.00000221e-003
,,,-1.81200000e-008,-8.00000221e-003
,,,-1.80800000e-008,-8.00000221e-003
,,,-1.80400000e-008,-8.00000221e-003
,,,-1.80000000e-008,-8.00000221e-003
,,,-1.79600000e-008,-2.08616256e-009
,,,-1.79200000e-008,-2.08616256e-009
,,,-1.78800000e-008,-2.08616256e-009
,,,-1.78400000e-008,-8.00000221e-003
,,,-1.78000000e-008,-1.60000023e-002
,,,-1.77600000e-008,-1.60000023e-002
,,,-1.77200000e-008,-1.60000023e-002
,,,-1.76800000e-008,-8.00000221e-003
,,,-1.76400000e-008,-2.08616256e-009
,,,-1.76000000e-008,-2.08616256e-009
,,,-1.75600000e-008,-8.00000221e-003
,,,-1.75200000e-008,-8.00000221e-003
,,,-1.74800000e-008,-8.00000221e-003
,,,-1.74400000e-008,-8.00000221e-003
,,,-1.74000000e-008,-2.08616256e-009
,,,-1.73600000e-008,-2.08616256e-009
,,,-1.73200000e-008,-2.08616256e-009
,,,-1.72800000e-008,-2.08616256e-009
,,,-1.72400000e-008,-8.00000221e-003
,,,-1.72000000e-008,-8.00000221e-003
,,,-1.71600000e-008,-8.00000221e-003
,,,-1.71200000e-008,-8.00000221e-003
,,,-1.70800000e-008,-8.00000221e-003
,,,-1.70400000e-008,-2.08616256e-009
,,,-1.70000000e-008,-2.08616256e-009
,,,-1.69600000e-008,-8.00000221e-003
,,,-1.69200000e-008,-8.00000221e-003
,,,-1.68800000e-008,-8.00000221e-003
,,,-1.68400000e-008,-8.00000221e-003
,,,-1.68000000e-008,-8.00000221e-003
,,,-1.67600000e-008,-8.00000221e-003
,,,-1.67200000e-008,-1.60000023e-002
,,,-1.66800000e-008,-1.60000023e-002
,,,-1.66400000e-008,-1.60000023e-002
,,,-1.66000000e-008,-1.60000023e-002
,,,-1.65600000e-008,-8.00000221e-003
,,,-1.65200000e-008,-8.00000221e-003
,,,-1.64800000e-008,-2.08616256e-009
,,,-1.64400000e-008,-2.08616256e-009
,,,-1.64000000e-008,-2.08616256e-009
,,,-1.63600000e-008,-8.00000221e-003
,,,-1.63200000e-008,-8.00000221e-003
,,,-1.62800000e-008,-1.60000023e-002
,,,-1.62400000e-008,-1.60000023e-002
,,,-1.62000000e-008,-1.60000023e-002
,,,-1.61600000e-008,-1.60000023e-002
,,,-1.61200000e-008,-8.00000221e-003
,,,-1.60800000e-008,-2.08616256e-009
,,,-1.60400000e-008,-2.08616256e-009
,,,-1.60000000e-008,7.99999803e-003
,,,-1.59600000e-008,-2.08616256e-009
,,,-1.59200000e-008,-2.08616256e-009
,,,-1.58800000e-008,-8.00000221e-003
,,,-1.58400000e-008,-8.00000221e-003
,,,-1.58000000e-008,-8.00000221e-003
,,,-1.57600000e-008,-8.00000221e-003
,,,-1.57200000e-008,-8.00000221e-003
,,,-1.56800000e-008,-1.60000023e-002
,,,-1.56400000e-008,-1.60000023e-002
,,,-1.56000000e-008,-1.60000023e-002
,,,-1.55600000e-008,-1.60000023e-002
,,,-1.55200000e-008,-1.60000023e-002
,,,-1.54800000e-008,-1.60000023e-002
,,,-1.54400000e-008,-1.60000023e-002
,,,-1.54000000e-008,-1.60000023e-002
,,,-1.53600000e-008,-1.60000023e-002
,,,-1.53200000e-008,-8.00000221e-003
,,,-1.52800000e-008,-8.00000221e-003
,,,-1.52400000e-008,-8.00000221e-003
,,,-1.52000000e-008,-8.00000221e-003
,,,-1.51600000e-008,-8.00000221e-003
,,,-1.51200000e-008,-8.00000221e-003
,,,-1.50800000e-008,-8.00000221e-003
,,,-1.50400000e-008,-2.08616256e-009
,,,-1.50000000e-008,-2.08616256e-009
,,,-1.49600000e-008,-2.08616256e-009
,,,-1.49200000e-008,-2.08616256e-009
,,,-1.48800000e-008,-8.00000221e-003
,,,-1.48400000e-008,-8.00000221e-003
,,,-1.48000000e-008,-1.60000023e-002
,,,-1.47600000e-008,-1.60000023e-002
,,,-1.47200000e-008,-8.00000221e-003
,,,-1.46800000e-008,-8.00000221e-003
,,,-1.46400000e-008,-8.00000221e-003
,,,-1.46000000e-008,-8.00000221e-003
,,,-1.45600000e-008,-8.00000221e-003
,,,-1.45200000e-008,-8.00000221e-003
,,,-1.44800000e-008,-8.00000221e-003
,,,-1.44400000e-008,-8.00000221e-003
,,,-1.44000000e-008,-8.00000221e-003
,,,-1.43600000e-008,-2.08616256e-009
,,,-1.43200000e-008,-2.08616256e-009
,,,-1.42800000e-008,-2.08616256e-009
,,,-1.42400000e-008,-2.08616256e-009
,,,-1.42000000e-008,-8.00000221e-003
,,,-1.41600000e-008,-8.00000221e-003
,,,-1.41200000e-008,-1.60000023e-002
,,,-1.40800000e-008,-1.60000023e-002
,,,-1.40400000e-008,-1.60000023e-002
,,,-1.40000000e-008,-8.00000221e-003
,,,-1.39600000e-008,-8.00000221e-003
,,,-1.39200000e-008,-8.00000221e-003
,,,-1.38800000e-008,-1.60000023e-002
,,,-1.38400000e-008,-1.60000023e-002
,,,-1.38000000e-008,-1.60000023e-002
,,,-1.37600000e-008,-8.00000221e-003
,,,-1.37200000e-008,-2.08616256e-009
,,,-1.36800000e-008,-2.08616256e-009
,,,-1.36400000e-008,-8.00000221e-003
,,,-1.36000000e-008,-8.00000221e-003
,,,-1.35600000e-008,-1.60000023e-002
,,,-1.35200000e-008,-8.00000221e-003
,,,-1.34800000e-008,-8.00000221e-003
,,,-1.34400000e-008,-2.08616256e-009
,,,-1.34000000e-008,-8.00000221e-003
,,,-1.33600000e-008,-8.00000221e-003
,,,-1.33200000e-008,-8.00000221e-003
,,,-1.32800000e-008,-8.00000221e-003
,,,-1.32400000e-008,-8.00000221e-003
,,,-1.32000000e-008,-2.08616256e-009
,,,-1.31600000e-008,-2.08616256e-009
,,,-1.31200000e-008,-8.00000221e-003
,,,-1.30800000e-008,-8.00000221e-003
,,,-1.30400000e-008,-2.08616256e-009
,,,-1.30000000e-008,-2.08616256e-009
,,,-1.29600000e-008,-2.08616256e-009
,,,-1.29200000e-008,-2.08616256e-009
,,,-1.28800000e-008,-8.00000221e-003
,,,-1.28400000e-008,-8.00000221e-003
,,,-1.28000000e-008,-8.00000221e-003
,,,-1.27600000e-008,-8.00000221e-003
,,,-1.27200000e-008,-2.08616256e-009
,,,-1.26800000e-008,-2.08616256e-009
,,,-1.26400000e-008,-2.08616256e-009
,,,-1.26000000e-008,-2.08616256e-009
,,,-1.25600000e-008,-2.08616256e-009
,,,-1.25200000e-008,-2.08616256e-009
,,,-1.24800000e-008,-2.08616256e-009
,,,-1.24400000e-008,-8.00000221e-003
,,,-1.24000000e-008,-8.00000221e-003
,,,-1.23600000e-008,-8.00000221e-003
,,,-1.23200000e-008,-8.00000221e-003
,,,-1.22800000e-008,-8.00000221e-003
,,,-1.22400000e-008,-8.00000221e-003
,,,-1.22000000e-008,-8.00000221e-003
,,,-1.21600000e-008,-8.00000221e-003
,,,-1.21200000e-008,-2.08616256e-009
,,,-1.20800000e-008,-2.08616256e-009
,,,-1.20400000e-008,-2.08616256e-009
,,,-1.20000000e-008,7.99999803e-003
,,,-1.19600000e-008,-2.08616256e-009
,,,-1.19200000e-008,-2.08616256e-009
,,,-1.18800000e-008,-2.08616256e-009
,,,-1.18400000e-008,-8.00000221e-003
,,,-1.18000000e-008,-8.00000221e-003
,,,-1.17600000e-008,-8.00000221e-003
,,,-1.17200000e-008,-8.00000221e-003
,,,-1.16800000e-008,-8.00000221e-003
,,,-1.16400000e-008,-8.00000221e-003
,,,-1.16000000e-008,-8.00000221e-003
,,,-1.15600000e-008,-8.00000221e-003
,,,-1.15200000e-008,-8.00000221e-003
,,,-1.14800000e-008,-8.00000221e-003
,,,-1.14400000e-008,-8.00000221e-003
,,,-1.14000000e-008,-8.00000221e-003
,,,-1.13600000e-008,-8.00000221e-003
,,,-1.13200000e-008,-8.00000221e-003
,,,-1.12800000e-008,-8.00000221e-003
,,,-1.12400000e-008,-8.00000221e-003
,,,-1.12000000e-008,-8.00000221e-003
,,,-1.11600000e-008,-1.60000023e-002
,,,-1.11200000e-008,-1.60000023e-002
,,,-1.10800000e-008,-1.60000023e-002
,,,-1.10400000e-008,-1.60000023e-002
,,,-1.10000000e-008,-8.00000221e-003
,,,-1.09600000e-008,-8.00000221e-003
,,,-1.09200000e-008,-2.08616256e-009
,,,-1.08800000e-008,-2.08616256e-009
,,,-1.08400000e-008,-8.00000221e-003
,,,-1.08000000e-008,-8.00000221e-003
,,,-1.07600000e-008,-8.00000221e-003
,,,-1.07200000e-008,-8.00000221e-003
,,,-1.06800000e-008,-8.00000221e-003
,,,-1.06400000e-008,-2.08616256e-009
,,,-1.06000000e-008,-8.00000221e-003
,,,-1.05600000e-008,-8.00000221e-003
,,,-1.05200000e-008,-1.60000023e-002
,,,-1.04800000e-008,-1.60000023e-002
,,,-1.04400000e-008,-8.00000221e-003
,,,-1.04000000e-008,-8.00000221e-003
,,,-1.03600000e-008,-2.08616256e-009
,,,-1.03200000e-008,-2.08616256e-009
,,,-1.02800000e-008,-2.08616256e-009
,,,-1.02400000e-008,-8.00000221e-003
,,,-1.02000000e-008,-8.00000221e-003
,,,-1.01600000e-008,-1.60000023e-002
,,,-1.01200000e-008,-1.60000023e-002
,,,-1.00800000e-008,-1.60000023e-002
,,,-1.00400000e-008,-8.00000221e-003
,,,-1.00000000e-008,-8.00000221e-003
,,,-9.96000000e-009,-8.00000221e-003
,,,-9.92000000e-009,-2.08616256e-009
,,,-9.88000000e-009,-2.08616256e-009
,,,-9.84000000e-009,-2.08616256e-009
,,,-9.80000000e-009,-2.08616256e-009
,,,-9.76000000e-009,-2.08616256e-009
,,,-9.72000000e-009,-2.08616256e-009
,,,-9.68000000e-009,-2.08616256e-009
,,,-9.64000000e-009,-8.00000221e-003
,,,-9.60000000e-009,-8.00000221e-003
,,,-9.56000000e-009,-8.00000221e-003
,,,-9.52000000e-009,-1.60000023e-002
,,,-9.48000000e-009,-1.60000023e-002
,,,-9.44000000e-009,-1.60000023e-002
,,,-9.40000000e-009,-1.60000023e-002
,,,-9.36000000e-009,-8.00000221e-003
,,,-9.32000000e-009,-8.00000221e-003
,,,-9.28000000e-009,-8.00000221e-003
,,,-9.24000000e-009,-8.00000221e-003
,,,-9.20000000e-009,-8.00000221e-003
,,,-9.16000000e-009,-8.00000221e-003
,,,-9.12000000e-009,-8.00000221e-003
,,,-9.08000000e-009,-8.00000221e-003
,,,-9.04000000e-009,-2.08616256e-009
,,,-9.00000000e-009,-8.00000221e-003
,,,-8.96000000e-009,-8.00000221e-003
,,,-8.92000000e-009,-8.00000221e-003
,,,-8.88000000e-009,-8.00000221e-003
,,,-8.84000000e-009,-8.00000221e-003
,,,-8.80000000e-009,-8.00000221e-003
,,,-8.76000000e-009,-8.00000221e-003
,,,-8.72000000e-009,-8.00000221e-003
,,,-8.68000000e-009,-8.00000221e-003
,,,-8.64000000e-009,-1.60000023e-002
,,,-8.60000000e-009,-8.00000221e-003
,,,-8.56000000e-009,-8.00000221e-003
,,,-8.52000000e-009,-8.00000221e-003
,,,-8.48000000e-009,-8.00000221e-003
,,,-8.44000000e-009,-8.00000221e-003
,,,-8.40000000e-009,-8.00000221e-003
,,,-8.36000000e-009,-8.00000221e-003
,,,-8.32000000e-009,-8.00000221e-003
,,,-8.28000000e-009,-8.00000221e-003
,,,-8.24000000e-009,-8.00000221e-003
,,,-8.20000000e-009,-8.00000221e-003
,,,-8.16000000e-009,-8.00000221e-003
,,,-8.12000000e-009,-8.00000221e-003
,,,-8.08000000e-009,-2.08616256e-009
,,,-8.04000000e-009,-2.08616256e-009
,,,-8.00000000e-009,-2.08616256e-009
,,,-7.96000000e-009,-8.00000221e-003
,,,-7.92000000e-009,-8.00000221e-003
,,,-7.88000000e-009,-8.00000221e-003
,,,-7.84000000e-009,-8.00000221e-003
,,,-7.80000000e-009,-8.00000221e-003
,,,-7.76000000e-009,-8.00000221e-003
,,,-7.72000000e-009,-8.00000221e-003
,,,-7.68000000e-009,-8.00000221e-003
,,,-7.64000000e-009,-8.00000221e-003
,,,-7.60000000e-009,-1.60000023e-002
,,,-7.56000000e-009,-1.60000023e-002
,,,-7.52000000e-009,-1.60000023e-002
,,,-7.48000000e-009,-8.00000221e-003
,,,-7.44000000e-009,-8.00000221e-003
,,,-7.40000000e-009,-8.00000221e-003
,,,-7.36000000e-009,-8.00000221e-003
,,,-7.32000000e-009,-1.60000023e-002
,,,-7.28000000e-009,-1.60000023e-002
,,,-7.24000000e-009,-1.60000023e-002
,,,-7.20000000e-009,-1.60000023e-002
,,,-7.16000000e-009,-1.60000023e-002
,,,-7.12000000e-009,-1.60000023e-002
,,,-7.08000000e-009,-1.60000023e-002
,,,-7.04000000e-009,-1.60000023e-002
,,,-7.00000000e-009,-8.00000221e-003
,,,-6.96000000e-009,-2.08616256e-009
,,,-6.92000000e-009,-2.08616256e-009
,,,-6.88000000e-009,-2.08616256e-009
,,,-6.84000000e-009,-2.08616256e-009
,,,-6.80000000e-009,-8.00000221e-003
,,,-6.76000000e-009,-1.60000023e-002
,,,-6.72000000e-009,-1.60000023e-002
,,,-6.68000000e-009,-8.00000221e-003
,,,-6.64000000e-009,-8.00000221e-003
,,,-6.60000000e-009,-2.08616256e-009
,,,-6.56000000e-009,-8.00000221e-003
,,,-6.52000000e-009,-8.00000221e-003
,,,-6.48000000e-009,-1.60000023e-002
,,,-6.44000000e-009,-1.60000023e-002
,,,-6.40000000e-009,-8.00000221e-003
,,,-6.36000000e-009,-8.00000221e-003
,,,-6.32000000e-009,-8.00000221e-003
,,,-6.28000000e-009,-8.00000221e-003
,,,-6.24000000e-009,-8.00000221e-003
,,,-6.20000000e-009,-8.00000221e-003
,,,-6.16000000e-009,-8.00000221e-003
,,,-6.12000000e-009,-8.00000221e-003
,,,-6.08000000e-009,-8.00000221e-003
,,,-6.04000000e-009,-2.08616256e-009
,,,-6.00000000e-009,-2.08616256e-009
,,,-5.96000000e-009,-2.08616256e-009
,,,-5.92000000e-009,-2.08616256e-009
,,,-5.88000000e-009,-8.00000221e-003
,,,-5.84000000e-009,-1.60000023e-002
,,,-5.80000000e-009,-1.60000023e-002
,,,-5.76000000e-009,-1.60000023e-002
,,,-5.72000000e-009,-8.00000221e-003
,,,-5.68000000e-009,-2.08616256e-009
,,,-5.64000000e-009,-2.08616256e-009
,,,-5.60000000e-009,-8.00000221e-003
,,,-5.56000000e-009,-8.00000221e-003
,,,-5.52000000e-009,-1.60000023e-002
,,,-5.48000000e-009,-1.60000023e-002
,,,-5.44000000e-009,-1.60000023e-002
,,,-5.40000000e-009,-1.60000023e-002
,,,-5.36000000e-009,-8.00000221e-003
,,,-5.32000000e-009,-8.00000221e-003
,,,-5.28000000e-009,-2.08616256e-009
,,,-5.24000000e-009,-2.08616256e-009
,,,-5.20000000e-009,-8.00000221e-003
,,,-5.16000000e-009,-8.00000221e-003
,,,-5.12000000e-009,-8.00000221e-003
,,,-5.08000000e-009,-8.00000221e-003
,,,-5.04000000e-009,-8.00000221e-003
,,,-5.00000000e-009,-8.00000221e-003
,,,-4.96000000e-009,-8.00000221e-003
,,,-4.92000000e-009,-1.60000023e-002
,,,-4.88000000e-009,-1.60000023e-002
,,,-4.84000000e-009,-1.60000023e-002
,,,-4.80000000e-009,-1.60000023e-002
,,,-4.76000000e-009,-8.00000221e-003
,,,-4.72000000e-009,-8.00000221e-003
,,,-4.68000000e-009,-8.00000221e-003
,,,-4.64000000e-009,-8.00000221e-003
,,,-4.60000000e-009,-8.00000221e-003
,,,-4.56000000e-009,-8.00000221e-003
,,,-4.52000000e-009,-8.00000221e-003
,,,-4.48000000e-009,-8.00000221e-003
,,,-4.44000000e-009,-1.60000023e-002
,,,-4.40000000e-009,-1.60000023e-002
,,,-4.36000000e-009,-8.00000221e-003
,,,-4.32000000e-009,-8.00000221e-003
,,,-4.28000000e-009,-2.08616256e-009
,,,-4.24000000e-009,-2.08616256e-009
,,,-4.20000000e-009,-2.08616256e-009
,,,-4.16000000e-009,-2.08616256e-009
,,,-4.12000000e-009,-2.08616256e-009
,,,-4.08000000e-009,-2.08616256e-009
,,,-4.04000000e-009,-2.08616256e-009
,,,-4.00000000e-009,-2.08616256e-009
,,,-3.96000000e-009,-8.00000221e-003
,,,-3.92000000e-009,-8.00000221e-003
,,,-3.88000000e-009,-8.00000221e-003
,,,-3.84000000e-009,-8.00000221e-003
,,,-3.80000000e-009,-2.08616256e-009
,,,-3.76000000e-009,-2.08616256e-009
,,,-3.72000000e-009,-2.08616256e-009
,,,-3.68000000e-009,-8.00000221e-003
,,,-3.64000000e-009,-8.00000221e-003
,,,-3.60000000e-009,-8.00000221e-003
,,,-3.56000000e-009,-8.00000221e-003
,,,-3.52000000e-009,-2.08616256e-009
,,,-3.48000000e-009,-2.08616256e-009
,,,-3.44000000e-009,-8.00000221e-003
,,,-3.40000000e-009,-8.00000221e-003
,,,-3.36000000e-009,-8.00000221e-003
,,,-3.32000000e-009,-8.00000221e-003
,,,-3.28000000e-009,-2.08616256e-009
,,,-3.24000000e-009,-2.08616256e-009
,,,-3.20000000e-009,-8.00000221e-003
,,,-3.16000000e-009,-8.00000221e-003
,,,-3.12000000e-009,-8.00000221e-003
,,,-3.08000000e-009,-8.00000221e-003
,,,-3.04000000e-009,-2.08616256e-009
,,,-3.00000000e-009,7.99999803e-003
,,,-2.96000000e-009,7.99999803e-003
,,,-2.92000000e-009,7.99999803e-003
,,,-2.88000000e-009,7.99999803e-003
,,,-2.84000000e-009,7.99999803e-003
,,,-2.80000000e-009,7.99999803e-003
,,,-2.76000000e-009,-2.08616256e-009
,,,-2.72000000e-009,-2.08616256e-009
,,,-2.68000000e-009,7.99999803e-003
,,,-2.64000000e-009,7.99999803e-003
,,,-2.60000000e-009,7.99999803e-003
,,,-2.56000000e-009,-2.08616256e-009
,,,-2.52000000e-009,-2.08616256e-009
,,,-2.48000000e-009,-2.08616256e-009
,,,-2.44000000e-009,-2.08616256e-009
,,,-2.40000000e-009,7.99999803e-003
,,,-2.36000000e-009,1.59999982e-002
,,,-2.32000000e-009,1.59999982e-002
,,,-2.28000000e-009,1.59999982e-002
,,,-2.24000000e-009,1.59999982e-002
,,,-2.20000000e-009,1.59999982e-002
,,,-2.16000000e-009,1.59999982e-002
,,,-2.12000000e-009,1.59999982e-002
,,,-2.08000000e-009,1.59999982e-002
,,,-2.04000000e-009,1.59999982e-002
,,,-2.00000000e-009,1.59999982e-002
,,,-1.96000000e-009,1.59999982e-002
,,,-1.92000000e-009,2.39999983e-002
,,,-1.88000000e-009,3.19999984e-002
,,,-1.84000000e-009,3.99999985e-002
,,,-1.80000000e-009,3.99999985e-002
,,,-1.76000000e-009,3.99999985e-002
,,,-1.72000000e-009,4.79999986e-002
,,,-1.68000000e-009,5.59999987e-002
,,,-1.64000000e-009,7.19999990e-002
,,,-1.60000000e-009,7.99999991e-002
,,,-1.56000000e-009,8.79999992e-002
,,,-1.52000000e-009,8.79999992e-002
,,,-1.48000000e-009,9.59999993e-002
,,,-1.44000000e-009,1.03999999e-001
,,,-1.40000000e-009,1.12000000e-001
,,,-1.36000000e-009,1.20000000e-001
,,,-1.32000000e-009,1.20000000e-001
,,,-1.28000000e-009,1.20000000e-001
,,,-1.24000000e-009,1.20000000e-001
,,,-1.20000000e-009,1.28000000e-001
,,,-1.16000000e-009,1.44000000e-001
,,,-1.12000000e-009,1.60000000e-001
,,,-1.08000000e-009,1.68000000e-001
,,,-1.04000000e-009,1.76000001e-001
,,,-1.00000000e-009,1.76000001e-001
,,,-9.60000000e-010,1.84000001e-001
,,,-9.20000000e-010,1.92000001e-001
,,,-8.80000000e-010,2.00000001e-001
,,,-8.40000000e-010,2.08000001e-001
,,,-8.00000000e-010,2.16000001e-001
,,,-7.60000000e-010,2.16000001e-001
,,,-7.20000000e-010,2.16000001e-001
,,,-6.80000000e-010,2.16000001e-001
,,,-6.40000000e-010,2.16000001e-001
,,,-6.00000000e-010,2.24000001e-001
,,,-5.60000000e-010,2.32000001e-001
,,,-5.20000000e-010,2.40000001e-001
,,,-4.80000000e-010,2.48000002e-001
,,,-4.40000000e-010,2.48000002e-001
,,,-4.00000000e-010,2.48000002e-001
,,,-3.60000000e-010,2.56000002e-001
,,,-3.20000000e-010,2.56000002e-001
,,,-2.80000000e-010,2.64000002e-001
,,,-2.40000000e-010,2.72000002e-001
,,,-2.00000000e-010,2.80000002e-001
,,,-1.60000000e-010,2.88000002e-001
,,,-1.20000000e-010,2.96000002e-001
,,,-8.00000000e-011,3.04000002e-001
,,,-4.00000000e-011,3.04000002e-001
,,,0.00000000e+000,3.04000002e-001
,,,4.00000000e-011,3.04000002e-001
,,,8.00000000e-011,3.04000002e-001
,,,1.20000000e-010,3.12000003e-001
,,,1.60000000e-010,3.20000003e-001
,,,2.00000000e-010,3.28000003e-001
,,,2.40000000e-010,3.36000003e-001
,,,2.80000000e-010,3.36000003e-001
,,,3.20000000e-010,3.44000003e-001
,,,3.60000000e-010,3.44000003e-001
,,,4.00000000e-010,3.44000003e-001
,,,4.40000000e-010,3.44000003e-001
,,,4.80000000e-010,3.44000003e-001
,,,5.20000000e-010,3.44000003e-001
,,,5.60000000e-010,3.52000003e-001
,,,6.00000000e-010,3.60000003e-001
,,,6.40000000e-010,3.68000003e-001
,,,6.80000000e-010,3.68000003e-001
,,,7.20000000e-010,3.68000003e-001
,,,7.60000000e-010,3.76000004e-001
,,,8.00000000e-010,3.76000004e-001
,,,8.40000000e-010,3.84000004e-001
,,,8.80000000e-010,3.92000004e-001
,,,9.20000000e-010,3.92000004e-001
,,,9.60000000e-010,3.92000004e-001
,,,1.00000000e-009,4.00000004e-001
,,,1.04000000e-009,4.00000004e-001
,,,1.08000000e-009,4.00000004e-001
,,,1.12000000e-009,4.08000004e-001
,,,1.16000000e-009,4.08000004e-001
,,,1.20000000e-009,4.16000004e-001
,,,1.24000000e-009,4.16000004e-001
,,,1.28000000e-009,4.16000004e-001
,,,1.32000000e-009,4.16000004e-001
,,,1.36000000e-009,4.16000004e-001
,,,1.40000000e-009,4.24000004e-001
,,,1.44000000e-009,4.24000004e-001
,,,1.48000000e-009,4.32000004e-001
,,,1.52000000e-009,4.32000004e-001
,,,1.56000000e-009,4.40000004e-001
,,,1.60000000e-009,4.40000004e-001
,,,1.64000000e-009,4.40000004e-001
,,,1.68000000e-009,4.48000005e-001
,,,1.72000000e-009,4.48000005e-001
,,,1.76000000e-009,4.56000005e-001
,,,1.80000000e-009,4.48000005e-001
,,,1.84000000e-009,4.48000005e-001
,,,1.88000000e-009,4.48000005e-001
,,,1.92000000e-009,4.56000005e-001
,,,1.96000000e-009,4.64000005e-001
,,,2.00000000e-009,4.64000005e-001
,,,2.04000000e-009,4.64000005e-001
,,,2.08000000e-009,4.56000005e-001
,,,2.12000000e-009,4.56000005e-001
,,,2.16000000e-009,4.56000005e-001
,,,2.20000000e-009,4.64000005e-001
,,,2.24000000e-009,4.72000005e-001
,,,2.28000000e-009,4.80000005e-001
,,,2.32000000e-009,4.80000005e-001
,,,2.36000000e-009,4.72000005e-001
,,,2.40000000e-009,4.72000005e-001
,,,2.44000000e-009,4.72000005e-001
,,,2.48000000e-009,4.80000005e-001
,,,2.52000000e-009,4.88000005e-001
,,,2.56000000e-009,4.88000005e-001
,,,2.60000000e-009,4.80000005e-001
,,,2.64000000e-009,4.80000005e-001
,,,2.68000000e-009,4.80000005e-001
,,,2.72000000e-009,4.80000005e-001
,,,2.76000000e-009,4.88000005e-001
,,,2.80000000e-009,4.88000005e-001
,,,2.84000000e-009,4.96000005e-001
,,,2.88000000e-009,4.96000005e-001
,,,2.92000000e-009,4.96000005e-001
,,,2.96000000e-009,5.04000005e-001
,,,3.00000000e-009,5.04000005e-001
,,,3.04000000e-009,5.12000006e-001
,,,3.08000000e-009,5.12000006e-001
,,,3.12000000e-009,5.12000006e-001
,,,3.16000000e-009,5.04000005e-001
,,,3.20000000e-009,5.12000006e-001
,,,3.24000000e-009,5.12000006e-001
,,,3.28000000e-009,5.12000006e-001
,,,3.32000000e-009,5.12000006e-001
,,,3.36000000e-009,5.12000006e-001
,,,3.40000000e-009,5.04000005e-001
,,,3.44000000e-009,5.04000005e-001
,,,3.48000000e-009,5.12000006e-001
,,,3.52000000e-009,5.12000006e-001
,,,3.56000000e-009,5.12000006e-001
,,,3.60000000e-009,5.20000006e-001
,,,3.64000000e-009,5.12000006e-001
,,,3.68000000e-009,5.12000006e-001
,,,3.72000000e-009,5.12000006e-001
,,,3.76000000e-009,5.12000006e-001
,,,3.80000000e-009,5.12000006e-001
,,,3.84000000e-009,5.12000006e-001
,,,3.88000000e-009,5.12000006e-001
,,,3.92000000e-009,5.12000006e-001
,,,3.96000000e-009,5.20000006e-001
,,,4.00000000e-009,5.20000006e-001
,,,4.04000000e-009,5.20000006e-001
,,,4.08000000e-009,5.20000006e-001
,,,4.12000000e-009,5.12000006e-001
,,,4.16000000e-009,5.12000006e-001
,,,4.20000000e-009,5.12000006e-001
,,,4.24000000e-009,5.20000006e-001
,,,4.28000000e-009,5.28000006e-001
,,,4.32000000e-009,5.28000006e-001
,,,4.36000000e-009,5.28000006e-001
,,,4.40000000e-009,5.28000006e-001
,,,4.44000000e-009,5.28000006e-001
,,,4.48000000e-009,5.28000006e-001
,,,4.52000000e-009,5.28000006e-001
,,,4.56000000e-009,5.20000006e-001
,,,4.60000000e-009,5.12000006e-001
,,,4.64000000e-009,5.12000006e-001
,,,4.68000000e-009,5.12000006e-001
,,,4.72000000e-009,5.12000006e-001
,,,4.76000000e-009,5.20000006e-001
,,,4.80000000e-009,5.28000006e-001
,,,4.84000000e-009,5.28000006e-001
,,,4.88000000e-009,5.28000006e-001
,,,4.92000000e-009,5.28000006e-001
,,,4.96000000e-009,5.28000006e-001
,,,5.00000000e-009,5.20000006e-001
,,,5.04000000e-009,5.20000006e-001
,,,5.08000000e-009,5.20000006e-001
,,,5.12000000e-009,5.28000006e-001
,,,5.16000000e-009,5.28000006e-001
,,,5.20000000e-009,5.36000006e-001
,,,5.24000000e-009,5.36000006e-001
,,,5.28000000e-009,5.28000006e-001
,,,5.32000000e-009,5.20000006e-001
,,,5.36000000e-009,5.12000006e-001
,,,5.40000000e-009,5.12000006e-001
,,,5.44000000e-009,5.20000006e-001
,,,5.48000000e-009,5.28000006e-001
,,,5.52000000e-009,5.28000006e-001
,,,5.56000000e-009,5.28000006e-001
,,,5.60000000e-009,5.28000006e-001
,,,5.64000000e-009,5.20000006e-001
,,,5.68000000e-009,5.12000006e-001
,,,5.72000000e-009,5.12000006e-001
,,,5.76000000e-009,5.12000006e-001
,,,5.80000000e-009,5.20000006e-001
,,,5.84000000e-009,5.20000006e-001
,,,5.88000000e-009,5.20000006e-001
,,,5.92000000e-009,5.12000006e-001
,,,5.96000000e-009,5.12000006e-001
,,,6.00000000e-009,5.04000005e-001
,,,6.04000000e-009,5.04000005e-001
,,,6.08000000e-009,5.12000006e-001
,,,6.12000000e-009,5.12000006e-001
,,,6.16000000e-009,5.12000006e-001
,,,6.20000000e-009,5.04000005e-001
,,,6.24000000e-009,5.04000005e-001
,,,6.28000000e-009,5.04000005e-001
,,,6.32000000e-009,5.12000006e-001
,,,6.36000000e-009,5.20000006e-001
,,,6.40000000e-009,5.20000006e-001
,,,6.44000000e-009,5.20000006e-001
,,,6.48000000e-009,5.20000006e-001
,,,6.52000000e-009,5.12000006e-001
,,,6.56000000e-009,5.12000006e-001
,,,6.60000000e-009,5.20000006e-001
,,,6.64000000e-009,5.20000006e-001
,,,6.68000000e-009,5.20000006e-001
,,,6.72000000e-009,5.20000006e-001
,,,6.76000000e-009,5.12000006e-001
,,,6.80000000e-009,5.12000006e-001
,,,6.84000000e-009,5.04000005e-001
,,,6.88000000e-009,5.12000006e-001
,,,6.92000000e-009,5.12000006e-001
,,,6.96000000e-009,5.20000006e-001
,,,7.00000000e-009,5.20000006e-001
,,,7.04000000e-009,5.12000006e-001
,,,7.08000000e-009,5.12000006e-001
,,,7.12000000e-009,5.12000006e-001
,,,7.16000000e-009,5.12000006e-001
,,,7.20000000e-009,5.12000006e-001
,,,7.24000000e-009,5.20000006e-001
,,,7.28000000e-009,5.12000006e-001
,,,7.32000000e-009,5.04000005e-001
,,,7.36000000e-009,4.96000005e-001
,,,7.40000000e-009,5.04000005e-001
,,,7.44000000e-009,5.12000006e-001
,,,7.48000000e-009,5.12000006e-001
,,,7.52000000e-009,5.12000006e-001
,,,7.56000000e-009,5.04000005e-001
,,,7.60000000e-009,4.96000005e-001
,,,7.64000000e-009,4.88000005e-001
,,,7.68000000e-009,4.96000005e-001
,,,7.72000000e-009,5.04000005e-001
,,,7.76000000e-009,5.12000006e-001
,,,7.80000000e-009,5.12000006e-001
,,,7.84000000e-009,5.12000006e-001
,,,7.88000000e-009,5.04000005e-001
,,,7.92000000e-009,5.04000005e-001
,,,7.96000000e-009,4.96000005e-001
,,,8.00000000e-009,4.96000005e-001
,,,8.04000000e-009,4.96000005e-001
,,,8.08000000e-009,4.96000005e-001
,,,8.12000000e-009,4.96000005e-001
,,,8.16000000e-009,4.96000005e-001
,,,8.20000000e-009,4.96000005e-001
,,,8.24000000e-009,4.88000005e-001
,,,8.28000000e-009,4.88000005e-001
,,,8.32000000e-009,4.88000005e-001
,,,8.36000000e-009,4.88000005e-001
,,,8.40000000e-009,4.88000005e-001
,,,8.44000000e-009,4.80000005e-001
,,,8.48000000e-009,4.80000005e-001
,,,8.52000000e-009,4.80000005e-001
,,,8.56000000e-009,4.80000005e-001
,,,8.60000000e-009,4.72000005e-001
,,,8.64000000e-009,4.64000005e-001
,,,8.68000000e-009,4.56000005e-001
,,,8.72000000e-009,4.56000005e-001
,,,8.76000000e-009,4.56000005e-001
,,,8.80000000e-009,4.56000005e-001
,,,8.84000000e-009,4.48000005e-001
,,,8.88000000e-009,4.48000005e-001
,,,8.92000000e-009,4.32000004e-001
,,,8.96000000e-009,4.24000004e-001
,,,9.00000000e-009,4.08000004e-001
,,,9.04000000e-009,4.00000004e-001
,,,9.08000000e-009,4.00000004e-001
,,,9.12000000e-009,3.92000004e-001
,,,9.16000000e-009,3.92000004e-001
,,,9.20000000e-009,3.84000004e-001
,,,9.24000000e-009,3.76000004e-001
,,,9.28000000e-009,3.68000003e-001
,,,9.32000000e-009,3.60000003e-001
,,,9.36000000e-009,3.44000003e-001
,,,9.40000000e-009,3.36000003e-001
,,,9.44000000e-009,3.36000003e-001
,,,9.48000000e-009,3.28000003e-001
,,,9.52000000e-009,3.20000003e-001
,,,9.56000000e-009,3.12000003e-001
,,,9.60000000e-009,3.04000002e-001
,,,9.64000000e-009,2.88000002e-001
,,,9.68000000e-009,2.80000002e-001
,,,9.72000000e-009,2.80000002e-001
,,,9.76000000e-009,2.72000002e-001
,,,9.80000000e-009,2.64000002e-001
,,,9.84000000e-009,2.56000002e-001
,,,9.88000000e-009,2.48000002e-001
,,,9.92000000e-009,2.40000001e-001
,,,9.96000000e-009,2.40000001e-001
,,,1.00000000e-008,2.32000001e-001
,,,1.00400000e-008,2.32000001e-001
,,,1.00800000e-008,2.24000001e-001
,,,1.01200000e-008,2.16000001e-001
,,,1.01600000e-008,2.00000001e-001
,,,1.02000000e-008,1.92000001e-001
,,,1.02400000e-008,1.84000001e-001
,,,1.02800000e-008,1.84000001e-001
,,,1.03200000e-008,1.84000001e-001
,,,1.03600000e-008,1.76000001e-001
,,,1.04000000e-008,1.68000000e-001
,,,1.04400000e-008,1.60000000e-001
,,,1.04800000e-008,1.60000000e-001
,,,1.05200000e-008,1.52000000e-001
,,,1.05600000e-008,1.52000000e-001
,,,1.06000000e-008,1.44000000e-001
,,,1.06400000e-008,1.44000000e-001
,,,1.06800000e-008,1.36000000e-001
,,,1.07200000e-008,1.28000000e-001
,,,1.07600000e-008,1.20000000e-001
,,,1.08000000e-008,1.20000000e-001
,,,1.08400000e-008,1.12000000e-001
,,,1.08800000e-008,1.12000000e-001
,,,1.09200000e-008,1.12000000e-001
,,,1.09600000e-008,1.03999999e-001
,,,1.10000000e-008,1.03999999e-001
,,,1.10400000e-008,9.59999993e-002
,,,1.10800000e-008,8.79999992e-002
,,,1.11200000e-008,7.99999991e-002
,,,1.11600000e-008,7.19999990e-002
,,,1.12000000e-008,6.39999989e-002
,,,1.12400000e-008,5.59999987e-002
,,,1.12800000e-008,5.59999987e-002
,,,1.13200000e-008,5.59999987e-002
,,,1.13600000e-008,6.39999989e-002
,,,1.14000000e-008,6.39999989e-002
,,,1.14400000e-008,5.59999987e-002
,,,1.14800000e-008,4.79999986e-002
,,,1.15200000e-008,3.99999985e-002
,,,1.15600000e-008,3.19999984e-002
,,,1.16000000e-008,2.39999983e-002
,,,1.16400000e-008,3.19999984e-002
,,,1.16800000e-008,3.19999984e-002
,,,1.17200000e-008,3.19999984e-002
,,,1.17600000e-008,3.19999984e-002
,,,1.18000000e-008,2.39999983e-002
,,,1.18400000e-008,2.39999983e-002
,,,1.18800000e-008,2.39999983e-002
,,,1.19200000e-008,3.19999984e-002
,,,1.19600000e-008,3.19999984e-002
,,,1.20000000e-008,2.39999983e-002
,,,1.20400000e-008,1.59999982e-002
,,,1.20800000e-008,7.99999803e-003
,,,1.21200000e-008,7.99999803e-003
,,,1.21600000e-008,1.59999982e-002
,,,1.22000000e-008,1.59999982e-002
,,,1.22400000e-008,1.59999982e-002
,,,1.22800000e-008,1.59999982e-002
,,,1.23200000e-008,7.99999803e-003
,,,1.23600000e-008,7.99999803e-003
,,,1.24000000e-008,7.99999803e-003
,,,1.24400000e-008,7.99999803e-003
,,,1.24800000e-008,7.99999803e-003
,,,1.25200000e-008,7.99999803e-003
,,,1.25600000e-008,7.99999803e-003
,,,1.26000000e-008,7.99999803e-003
,,,1.26400000e-008,7.99999803e-003
,,,1.26800000e-008,7.99999803e-003
,,,1.27200000e-008,7.99999803e-003
,,,1.27600000e-008,7.99999803e-003
,,,1.28000000e-008,-2.08616256e-009
,,,1.28400000e-008,-8.00000221e-003
,,,1.28800000e-008,-8.00000221e-003
,,,1.29200000e-008,-1.60000023e-002
,,,1.29600000e-008,-8.00000221e-003
,,,1.30000000e-008,-8.00000221e-003
,,,1.30400000e-008,-8.00000221e-003
,,,1.30800000e-008,-8.00000221e-003
,,,1.31200000e-008,-1.60000023e-002
,,,1.31600000e-008,-1.60000023e-002
,,,1.32000000e-008,-1.60000023e-002
,,,1.32400000e-008,-8.00000221e-003
,,,1.32800000e-008,-8.00000221e-003
,,,1.33200000e-008,-1.60000023e-002
,,,1.33600000e-008,-1.60000023e-002
,,,1.34000000e-008,-1.60000023e-002
,,,1.34400000e-008,-1.60000023e-002
,,,1.34800000e-008,-1.60000023e-002
,,,1.35200000e-008,-1.60000023e-002
,,,1.35600000e-008,-1.60000023e-002
,,,1.36000000e-008,-1.60000023e-002
,,,1.36400000e-008,-2.40000024e-002
,,,1.36800000e-008,-2.40000024e-002
,,,1.37200000e-008,-2.40000024e-002
,,,1.37600000e-008,-2.40000024e-002
,,,1.38000000e-008,-2.40000024e-002
,,,1.38400000e-008,-2.40000024e-002
,,,1.38800000e-008,-1.60000023e-002
,,,1.39200000e-008,-1.60000023e-002
,,,1.39600000e-008,-1.60000023e-002
,,,1.40000000e-008,-1.60000023e-002
,,,1.40400000e-008,-2.40000024e-002
,,,1.40800000e-008,-3.20000026e-002
,,,1.41200000e-008,-3.20000026e-002
,,,1.41600000e-008,-3.20000026e-002
,,,1.42000000e-008,-3.20000026e-002
,,,1.42400000e-008,-1.60000023e-002
,,,1.42800000e-008,-8.00000221e-003
,,,1.43200000e-008,-8.00000221e-003
,,,1.43600000e-008,-8.00000221e-003
,,,1.44000000e-008,-1.60000023e-002
,,,1.44400000e-008,-1.60000023e-002
,,,1.44800000e-008,-1.60000023e-002
,,,1.45200000e-008,-1.60000023e-002
,,,1.45600000e-008,-1.60000023e-002
,,,1.46000000e-008,-1.60000023e-002
,,,1.46400000e-008,-1.60000023e-002
,,,1.46800000e-008,-1.60000023e-002
,,,1.47200000e-008,-1.60000023e-002
,,,1.47600000e-008,-1.60000023e-002
,,,1.48000000e-008,-1.60000023e-002
,,,1.48400000e-008,-1.60000023e-002
,,,1.48800000e-008,-1.60000023e-002
,,,1.49200000e-008,-1.60000023e-002
,,,1.49600000e-008,-1.60000023e-002
,,,1.50000000e-008,-1.60000023e-002
,,,1.50400000e-008,-1.60000023e-002
,,,1.50800000e-008,-8.00000221e-003
,,,1.51200000e-008,-8.00000221e-003
,,,1.51600000e-008,-8.00000221e-003
,,,1.52000000e-008,-8.00000221e-003
,,,1.52400000e-008,-8.00000221e-003
,,,1.52800000e-008,-8.00000221e-003
,,,1.53200000e-008,-1.60000023e-002
,,,1.53600000e-008,-2.40000024e-002
,,,1.54000000e-008,-2.40000024e-002
,,,1.54400000e-008,-2.40000024e-002
,,,1.54800000e-008,-2.40000024e-002
,,,1.55200000e-008,-2.40000024e-002
,,,1.55600000e-008,-1.60000023e-002
,,,1.56000000e-008,-1.60000023e-002
,,,1.56400000e-008,-1.60000023e-002
,,,1.56800000e-008,-1.60000023e-002
,,,1.57200000e-008,-1.60000023e-002
,,,1.57600000e-008,-1.60000023e-002
,,,1.58000000e-008,-1.60000023e-002
,,,1.58400000e-008,-1.60000023e-002
,,,1.58800000e-008,-8.00000221e-003
,,,1.59200000e-008,-8.00000221e-003
,,,1.59600000e-008,-8.00000221e-003
,,,1.60000000e-008,-1.60000023e-002
,,,1.60400000e-008,-1.60000023e-002
,,,1.60800000e-008,-2.40000024e-002
,,,1.61200000e-008,-2.40000024e-002
,,,1.61600000e-008,-1.60000023e-002
,,,1.62000000e-008,-1.60000023e-002
,,,1.62400000e-008,-1.60000023e-002
,,,1.62800000e-008,-1.60000023e-002
,,,1.63200000e-008,-1.60000023e-002
,,,1.63600000e-008,-2.40000024e-002
,,,1.64000000e-008,-2.40000024e-002
,,,1.64400000e-008,-1.60000023e-002
,,,1.64800000e-008,-1.60000023e-002
,,,1.65200000e-008,-1.60000023e-002
,,,1.65600000e-008,-1.60000023e-002
,,,1.66000000e-008,-1.60000023e-002
,,,1.66400000e-008,-1.60000023e-002
,,,1.66800000e-008,-1.60000023e-002
,,,1.67200000e-008,-8.00000221e-003
,,,1.67600000e-008,-8.00000221e-003
,,,1.68000000e-008,-8.00000221e-003
,,,1.68400000e-008,-8.00000221e-003
,,,1.68800000e-008,-8.00000221e-003
,,,1.69200000e-008,-1.60000023e-002
,,,1.69600000e-008,-2.40000024e-002
,,,1.70000000e-008,-2.40000024e-002
,,,1.70400000e-008,-2.40000024e-002
,,,1.70800000e-008,-2.40000024e-002
,,,1.71200000e-008,-1.60000023e-002
,,,1.71600000e-008,-1.60000023e-002
,,,1.72000000e-008,-1.60000023e-002
,,,1.72400000e-008,-1.60000023e-002
,,,1.72800000e-008,-1.60000023e-002
,,,1.73200000e-008,-2.40000024e-002
,,,1.73600000e-008,-2.40000024e-002
,,,1.74000000e-008,-1.60000023e-002
,,,1.74400000e-008,-1.60000023e-002
,,,1.74800000e-008,-1.60000023e-002
,,,1.75200000e-008,-1.60000023e-002
,,,1.75600000e-008,-1.60000023e-002
,,,1.76000000e-008,-1.60000023e-002
,,,1.76400000e-008,-1.60000023e-002
,,,1.76800000e-008,-1.60000023e-002
,,,1.77200000e-008,-1.60000023e-002
,,,1.77600000e-008,-1.60000023e-002
,,,1.78000000e-008,-1.60000023e-002
,,,1.78400000e-008,-8.00000221e-003
,,,1.78800000e-008,-8.00000221e-003
,,,1.79200000e-008,-2.08616256e-009
,,,1.79600000e-008,-2.08616256e-009
,,,1.80000000e-008,-8.00000221e-003
,,,1.80400000e-008,-8.00000221e-003
,,,1.80800000e-008,-8.00000221e-003
,,,1.81200000e-008,-8.00000221e-003
,,,1.81600000e-008,-2.08616256e-009
,,,1.82000000e-008,-2.08616256e-009
,,,1.82400000e-008,-2.08616256e-009
,,,1.82800000e-008,-2.08616256e-009
,,,1.83200000e-008,-8.00000221e-003
,,,1.83600000e-008,-1.60000023e-002
,,,1.84000000e-008,-1.60000023e-002
,,,1.84400000e-008,-8.00000221e-003
,,,1.84800000e-008,-2.08616256e-009
,,,1.85200000e-008,-2.08616256e-009
,,,1.85600000e-008,-2.08616256e-009
,,,1.86000000e-008,-2.08616256e-009
,,,1.86400000e-008,-2.08616256e-009
,,,1.86800000e-008,-2.08616256e-009
,,,1.87200000e-008,-2.08616256e-009
,,,1.87600000e-008,-2.08616256e-009
,,,1.88000000e-008,-8.00000221e-003
,,,1.88400000e-008,-8.00000221e-003
,,,1.88800000e-008,-8.00000221e-003
,,,1.89200000e-008,-8.00000221e-003
,,,1.89600000e-008,-2.08616256e-009
,,,1.90000000e-008,-2.08616256e-009
,,,1.90400000e-008,-2.08616256e-009
,,,1.90800000e-008,-2.08616256e-009
,,,1.91200000e-008,-8.00000221e-003
,,,1.91600000e-008,-8.00000221e-003
,,,1.92000000e-008,-8.00000221e-003
,,,1.92400000e-008,-2.08616256e-009
,,,1.92800000e-008,-2.08616256e-009
,,,1.93200000e-008,-2.08616256e-009
,,,1.93600000e-008,-8.00000221e-003
,,,1.94000000e-008,-8.00000221e-003
,,,1.94400000e-008,-8.00000221e-003
,,,1.94800000e-008,-8.00000221e-003
,,,1.95200000e-008,-8.00000221e-003
,,,1.95600000e-008,-8.00000221e-003
,,,1.96000000e-008,-8.00000221e-003
,,,1.96400000e-008,-2.08616256e-009
,,,1.96800000e-008,-2.08616256e-009
,,,1.97200000e-008,7.99999803e-003
,,,1.97600000e-008,7.99999803e-003
,,,1.98000000e-008,-2.08616256e-009
,,,1.98400000e-008,-2.08616256e-009
,,,1.98800000e-008,-8.00000221e-003
,,,1.99200000e-008,-8.00000221e-003
,,,1.99600000e-008,-8.00000221e-003
,,,2.00000000e-008,-8.00000221e-003
,,,2.00400000e-008,-8.00000221e-003
,,,2.00800000e-008,-1.60000023e-002
,,,2.01200000e-008,-1.60000023e-002
,,,2.01600000e-008,-8.00000221e-003
,,,2.02000000e-008,-8.00000221e-003
,,,2.02400000e-008,-2.08616256e-009
,,,2.02800000e-008,-8.00000221e-003
,,,2.03200000e-008,-8.00000221e-003
,,,2.03600000e-008,-1.60000023e-002
,,,2.04000000e-008,-8.00000221e-003
,,,2.04400000e-008,-2.08616256e-009
,,,2.04800000e-008,-2.08616256e-009
,,,2.05200000e-008,-2.08616256e-009
,,,2.05600000e-008,-2.08616256e-009
,,,2.06000000e-008,-8.00000221e-003
,,,2.06400000e-008,-8.00000221e-003
,,,2.06800000e-008,-8.00000221e-003
,,,2.07200000e-008,-8.00000221e-003
,,,2.07600000e-008,-8.00000221e-003
,,,2.08000000e-008,-8.00000221e-003
,,,2.08400000e-008,-8.00000221e-003
,,,2.08800000e-008,-2.08616256e-009
,,,2.09200000e-008,-2.08616256e-009
,,,2.09600000e-008,-2.08616256e-009
,,,2.10000000e-008,-8.00000221e-003
,,,2.10400000e-008,-8.00000221e-003
,,,2.10800000e-008,-8.00000221e-003
,,,2.11200000e-008,-8.00000221e-003
,,,2.11600000e-008,-8.00000221e-003
,,,2.12000000e-008,-8.00000221e-003
,,,2.12400000e-008,-8.00000221e-003
,,,2.12800000e-008,-8.00000221e-003
,,,2.13200000e-008,-1.60000023e-002
,,,2.13600000e-008,-8.00000221e-003
,,,2.14000000e-008,-1.60000023e-002
,,,2.14400000e-008,-1.60000023e-002
,,,2.14800000e-008,-1.60000023e-002
,,,2.15200000e-008,-1.60000023e-002
,,,2.15600000e-008,-8.00000221e-003
,,,2.16000000e-008,-8.00000221e-003
,,,2.16400000e-008,-2.08616256e-009
,,,2.16800000e-008,-2.08616256e-009
,,,2.17200000e-008,-8.00000221e-003
,,,2.17600000e-008,-8.00000221e-003
,,,2.18000000e-008,-8.00000221e-003
,,,2.18400000e-008,-8.00000221e-003
,,,2.18800000e-008,-2.08616256e-009
,,,2.19200000e-008,-2.08616256e-009
,,,2.19600000e-008,-2.08616256e-009
,,,2.20000000e-008,-8.00000221e-003
,,,2.20400000e-008,-8.00000221e-003
,,,2.20800000e-008,-8.00000221e-003
,,,2.21200000e-008,-8.00000221e-003
,,,2.21600000e-008,-2.08616256e-009
,,,2.22000000e-008,-2.08616256e-009
,,,2.22400000e-008,-2.08616256e-009
,,,2.22800000e-008,-2.08616256e-009
,,,2.23200000e-008,-8.00000221e-003
,,,2.23600000e-008,-8.00000221e-003
,,,2.24000000e-008,-8.00000221e-003
,,,2.24400000e-008,-8.00000221e-003
,,,2.24800000e-008,-8.00000221e-003
,,,2.25200000e-008,-8.00000221e-003
,,,2.25600000e-008,-8.00000221e-003
,,,2.26000000e-008,-8.00000221e-003
,,,2.26400000e-008,-1.60000023e-002
,,,2.26800000e-008,-1.60000023e-002
,,,2.27200000e-008,-2.40000024e-002
,,,2.27600000e-008,-2.40000024e-002
,,,2.28000000e-008,-1.60000023e-002
,,,2.28400000e-008,-1.60000023e-002
,,,2.28800000e-008,-1.60000023e-002
,,,2.29200000e-008,-8.00000221e-003
,,,2.29600000e-008,-8.00000221e-003
,,,2.30000000e-008,-8.00000221e-003
,,,2.30400000e-008,-2.08616256e-009
,,,2.30800000e-008,-2.08616256e-009
,,,2.31200000e-008,-2.08616256e-009
,,,2.31600000e-008,-8.00000221e-003
,,,2.32000000e-008,-8.00000221e-003
,,,2.32400000e-008,-2.08616256e-009
,,,2.32800000e-008,-2.08616256e-009
,,,2.33200000e-008,7.99999803e-003
,,,2.33600000e-008,-2.08616256e-009
,,,2.34000000e-008,-2.08616256e-009
,,,2.34400000e-008,-8.00000221e-003
,,,2.34800000e-008,-1.60000023e-002
,,,2.35200000e-008,-8.00000221e-003
,,,2.35600000e-008,-8.00000221e-003
,,,2.36000000e-008,-8.00000221e-003
,,,2.36400000e-008,-8.00000221e-003
,,,2.36800000e-008,-8.00000221e-003
,,,2.37200000e-008,-8.00000221e-003
,,,2.37600000e-008,-8.00000221e-003
,,,2.38000000e-008,-8.00000221e-003
,,,2.38400000e-008,-8.00000221e-003
,,,2.38800000e-008,-1.60000023e-002
,,,2.39200000e-008,-1.60000023e-002
,,,2.39600000e-008,-1.60000023e-002
,,,2.40000000e-008,-8.00000221e-003
,,,2.40400000e-008,-8.00000221e-003
,,,2.40800000e-008,-8.00000221e-003
,,,2.41200000e-008,-8.00000221e-003
,,,2.41600000e-008,-2.08616256e-009
,,,2.42000000e-008,-2.08616256e-009
,,,2.42400000e-008,-2.08616256e-009
,,,2.42800000e-008,-8.00000221e-003
,,,2.43200000e-008,-1.60000023e-002
,,,2.43600000e-008,-1.60000023e-002
,,,2.44000000e-008,-1.60000023e-002
,,,2.44400000e-008,-8.00000221e-003
,,,2.44800000e-008,-2.08616256e-009
,,,2.45200000e-008,-2.08616256e-009
,,,2.45600000e-008,-8.00000221e-003
,,,2.46000000e-008,-8.00000221e-003
,,,2.46400000e-008,-1.60000023e-002
,,,2.46800000e-008,-1.60000023e-002
,,,2.47200000e-008,-1.60000023e-002
,,,2.47600000e-008,-1.60000023e-002
,,,2.48000000e-008,-1.60000023e-002
,,,2.48400000e-008,-1.60000023e-002
,,,2.48800000e-008,-1.60000023e-002
,,,2.49200000e-008,-1.60000023e-002
,,,2.49600000e-008,-8.00000221e-003
,,,2.50000000e-008,-2.08616256e-009
,,,2.50400000e-008,-2.08616256e-009
,,,2.50800000e-008,7.99999803e-003
,,,2.51200000e-008,-2.08616256e-009
,,,2.51600000e-008,-2.08616256e-009
,,,2.52000000e-008,-8.00000221e-003
,,,2.52400000e-008,-1.60000023e-002
,,,2.52800000e-008,-1.60000023e-002
,,,2.53200000e-008,-1.60000023e-002
,,,2.53600000e-008,-1.60000023e-002
,,,2.54000000e-008,-8.00000221e-003
,,,2.54400000e-008,-2.08616256e-009
,,,2.54800000e-008,-2.08616256e-009
,,,2.55200000e-008,-8.00000221e-003
,,,2.55600000e-008,-1.60000023e-002
,,,2.56000000e-008,-1.60000023e-002
,,,2.56400000e-008,-1.60000023e-002
,,,2.56800000e-008,-1.60000023e-002
,,,2.57200000e-008,-8.00000221e-003
,,,2.57600000e-008,-8.00000221e-003
,,,2.58000000e-008,-8.00000221e-003
,,,2.58400000e-008,-1.60000023e-002
,,,2.58800000e-008,-1.60000023e-002
,,,2.59200000e-008,-1.60000023e-002
,,,2.59600000e-008,-8.00000221e-003
,,,2.60000000e-008,-2.08616256e-009
,,,2.60400000e-008,-2.08616256e-009
,,,2.60800000e-008,-2.08616256e-009
,,,2.61200000e-008,-8.00000221e-003
,,,2.61600000e-008,-1.60000023e-002
,,,2.62000000e-008,-1.60000023e-002
,,,2.62400000e-008,-8.00000221e-003
,,,2.62800000e-008,-2.08616256e-009
,,,2.63200000e-008,-2.08616256e-009
,,,2.63600000e-008,-2.08616256e-009
,,,2.64000000e-008,-2.08616256e-009
,,,2.64400000e-008,-8.00000221e-003
,,,2.64800000e-008,-2.08616256e-009
,,,2.65200000e-008,-2.08616256e-009
,,,2.65600000e-008,-2.08616256e-009
,,,2.66000000e-008,-2.08616256e-009
,,,2.66400000e-008,-2.08616256e-009
,,,2.66800000e-008,-8.00000221e-003
,,,2.67200000e-008,-8.00000221e-003
,,,2.67600000e-008,-8.00000221e-003
,,,2.68000000e-008,-2.08616256e-009
,,,2.68400000e-008,-2.08616256e-009
,,,2.68800000e-008,-2.08616256e-009
,,,2.69200000e-008,-2.08616256e-009
,,,2.69600000e-008,-8.00000221e-003
,,,2.70000000e-008,-8.00000221e-003
,,,2.70400000e-008,-8.00000221e-003
,,,2.70800000e-008,-1.60000023e-002
,,,2.71200000e-008,-8.00000221e-003
,,,2.71600000e-008,-8.00000221e-003
,,,2.72000000e-008,-8.00000221e-003
,,,2.72400000e-008,-8.00000221e-003
,,,2.72800000e-008,-8.00000221e-003
,,,2.73200000e-008,-8.00000221e-003
,,,2.73600000e-008,-8.00000221e-003
,,,2.74000000e-008,-1.60000023e-002
,,,2.74400000e-008,-8.00000221e-003
,,,2.74800000e-008,-8.00000221e-003
,,,2.75200000e-008,-2.08616256e-009
,,,2.75600000e-008,-2.08616256e-009
,,,2.76000000e-008,-2.08616256e-009
,,,2.76400000e-008,-8.00000221e-003
,,,2.76800000e-008,-1.60000023e-002
,,,2.77200000e-008,-1.60000023e-002
,,,2.77600000e-008,-1.60000023e-002
,,,2.78000000e-008,-8.00000221e-003
,,,2.78400000e-008,-2.08616256e-009
,,,2.78800000e-008,-2.08616256e-009
,,,2.79200000e-008,-2.08616256e-009
,,,2.79600000e-008,-2.08616256e-009
,,,2.80000000e-008,-2.08616256e-009
,,,2.80400000e-008,-2.08616256e-009
,,,2.80800000e-008,-2.08616256e-009
,,,2.81200000e-008,-2.08616256e-009
,,,2.81600000e-008,-8.00000221e-003
,,,2.82000000e-008,-8.00000221e-003
,,,2.82400000e-008,-8.00000221e-003
,,,2.82800000e-008,-2.08616256e-009
,,,2.83200000e-008,-2.08616256e-009
,,,2.83600000e-008,-2.08616256e-009
,,,2.84000000e-008,-8.00000221e-003
,,,2.84400000e-008,-8.00000221e-003
,,,2.84800000e-008,-1.60000023e-002
,,,2.85200000e-008,-8.00000221e-003
,,,2.85600000e-008,-8.00000221e-003
,,,2.86000000e-008,-8.00000221e-003
,,,2.86400000e-008,-8.00000221e-003
,,,2.86800000e-008,-1.60000023e-002
,,,2.87200000e-008,-8.00000221e-003
,,,2.87600000e-008,-8.00000221e-003
,,,2.88000000e-008,-8.00000221e-003
,,,2.88400000e-008,-8.00000221e-003
,,,2.88800000e-008,-8.00000221e-003
,,,2.89200000e-008,-8.00000221e-003
,,,2.89600000e-008,-1.60000023e-002
,,,2.90000000e-008,-1.60000023e-002
,,,2.90400000e-008,-1.60000023e-002
,,,2.90800000e-008,-1.60000023e-002
,,,2.91200000e-008,-1.60000023e-002
,,,2.91600000e-008,-8.00000221e-003
,,,2.92000000e-008,-2.08616256e-009
,,,2.92400000e-008,-2.08616256e-009
,,,2.92800000e-008,-2.08616256e-009
,,,2.93200000e-008,-2.08616256e-009
,,,2.93600000e-008,-2.08616256e-009
,,,2.94000000e-008,-2.08616256e-009
,,,2.94400000e-008,-8.00000221e-003
,,,2.94800000e-008,-8.00000221e-003
,,,2.95200000e-008,-8.00000221e-003
,,,2.95600000e-008,-8.00000221e-003
,,,2.96000000e-008,-8.00000221e-003
,,,2.96400000e-008,-8.00000221e-003
,,,2.96800000e-008,-8.00000221e-003
,,,2.97200000e-008,-8.00000221e-003
,,,2.97600000e-008,-8.00000221e-003
,,,2.98000000e-008,-8.00000221e-003
,,,2.98400000e-008,-8.00000221e-003
,,,2.98800000e-008,-8.00000221e-003
,,,2.99200000e-008,-8.00000221e-003
,,,2.99600000e-008,-2.08616256e-009
,,,3.00000000e-008,-2.08616256e-009
,,,3.00400000e-008,-2.08616256e-009
,,,3.00800000e-008,-2.08616256e-009
,,,3.01200000e-008,-8.00000221e-003
,,,3.01600000e-008,-8.00000221e-003
,,,3.02000000e-008,-8.00000221e-003
,,,3.02400000e-008,-8.00000221e-003
,,,3.02800000e-008,-8.00000221e-003
,,,3.03200000e-008,-8.00000221e-003
,,,3.03600000e-008,-1.60000023e-002
,,,3.04000000e-008,-1.60000023e-002
,,,3.04400000e-008,-1.60000023e-002
,,,3.04800000e-008,-8.00000221e-003
,,,3.05200000e-008,-2.08616256e-009
,,,3.05600000e-008,-2.08616256e-009
,,,3.06000000e-008,-2.08616256e-009
,,,3.06400000e-008,-2.08616256e-009
,,,3.06800000e-008,-8.00000221e-003
,,,3.07200000e-008,-8.00000221e-003
,,,3.07600000e-008,-8.00000221e-003
,,,3.08000000e-008,-8.00000221e-003
,,,3.08400000e-008,-8.00000221e-003
,,,3.08800000e-008,-8.00000221e-003
,,,3.09200000e-008,-8.00000221e-003
,,,3.09600000e-008,-8.00000221e-003
,,,3.10000000e-008,-8.00000221e-003
,,,3.10400000e-008,-8.00000221e-003
,,,3.10800000e-008,-8.00000221e-003
,,,3.11200000e-008,-8.00000221e-003
,,,3.11600000e-008,-8.00000221e-003
,,,3.12000000e-008,-8.00000221e-003
,,,3.12400000e-008,-8.00000221e-003
,,,3.12800000e-008,-8.00000221e-003
,,,3.13200000e-008,-8.00000221e-003
,,,3.13600000e-008,-1.60000023e-002
,,,3.14000000e-008,-1.60000023e-002
,,,3.14400000e-008,-1.60000023e-002
,,,3.14800000e-008,-8.00000221e-003
,,,3.15200000e-008,-8.00000221e-003
,,,3.15600000e-008,-8.00000221e-003
,,,3.16000000e-008,-8.00000221e-003
,,,3.16400000e-008,-8.00000221e-003
,,,3.16800000e-008,-8.00000221e-003
,,,3.17200000e-008,-8.00000221e-003
,,,3.17600000e-008,-8.00000221e-003
,,,3.18000000e-008,-1.60000023e-002
,,,3.18400000e-008,-1.60000023e-002
,,,3.18800000e-008,-1.60000023e-002
,,,3.19200000e-008,-8.00000221e-003
,,,3.19600000e-008,-2.08616256e-009
,,,3.20000000e-008,7.99999803e-003
,,,3.20400000e-008,-2.08616256e-009
,,,3.20800000e-008,-8.00000221e-003
,,,3.21200000e-008,-1.60000023e-002
,,,3.21600000e-008,-1.60000023e-002
,,,3.22000000e-008,-1.60000023e-002
,,,3.22400000e-008,-8.00000221e-003
,,,3.22800000e-008,-8.00000221e-003
,,,3.23200000e-008,-8.00000221e-003
,,,3.23600000e-008,-8.00000221e-003
,,,3.24000000e-008,-8.00000221e-003
,,,3.24400000e-008,-8.00000221e-003
,,,3.24800000e-008,-8.00000221e-003
,,,3.25200000e-008,-8.00000221e-003
,,,3.25600000e-008,-8.00000221e-003
,,,3.26000000e-008,-2.08616256e-009
,,,3.26400000e-008,-2.08616256e-009
,,,3.26800000e-008,-8.00000221e-003
,,,3.27200000e-008,-1.60000023e-002
,,,3.27600000e-008,-1.60000023e-002
,,,3.28000000e-008,-1.60000023e-002
,,,3.28400000e-008,-1.60000023e-002
,,,3.28800000e-008,-8.00000221e-003
,,,3.29200000e-008,-2.08616256e-009
,,,3.29600000e-008,-8.00000221e-003
,,,3.30000000e-008,-8.00000221e-003
,,,3.30400000e-008,-8.00000221e-003
,,,3.30800000e-008,-8.00000221e-003
,,,3.31200000e-008,-2.08616256e-009
,,,3.31600000e-008,-2.08616256e-009
,,,3.32000000e-008,-2.08616256e-009
,,,3.32400000e-008,-2.08616256e-009
,,,3.32800000e-008,-8.00000221e-003
,,,3.33200000e-008,-8.00000221e-003
,,,3.33600000e-008,-8.00000221e-003
,,,3.34000000e-008,-8.00000221e-003
,,,3.34400000e-008,-1.60000023e-002
,,,3.34800000e-008,-8.00000221e-003
,,,3.35200000e-008,-8.00000221e-003
,,,3.35600000e-008,-2.08616256e-009
,,,3.36000000e-008,-2.08616256e-009
,,,3.36400000e-008,-2.08616256e-009
,,,3.36800000e-008,-8.00000221e-003
,,,3.37200000e-008,-8.00000221e-003
,,,3.37600000e-008,-8.00000221e-003
,,,3.38000000e-008,-8.00000221e-003
,,,3.38400000e-008,-8.00000221e-003
,,,3.38800000e-008,-8.00000221e-003
,,,3.39200000e-008,-8.00000221e-003
,,,3.39600000e-008,-8.00000221e-003
,,,3.40000000e-008,-8.00000221e-003
,,,3.40400000e-008,-2.08616256e-009
,,,3.40800000e-008,-8.00000221e-003
,,,3.41200000e-008,-1.60000023e-002
,,,3.41600000e-008,-1.60000023e-002
,,,3.42000000e-008,-1.60000023e-002
,,,3.42400000e-008,-8.00000221e-003
,,,3.42800000e-008,-8.00000221e-003
,,,3.43200000e-008,-2.08616256e-009
,,,3.43600000e-008,-8.00000221e-003
,,,3.44000000e-008,-1.60000023e-002
,,,3.44400000e-008,-1.60000023e-002
,,,3.44800000e-008,-8.00000221e-003
,,,3.45200000e-008,-8.00000221e-003
,,,3.45600000e-008,-2.08616256e-009
,,,3.46000000e-008,-2.08616256e-009
,,,3.46400000e-008,-8.00000221e-003
,,,3.46800000e-008,-1.60000023e-002
,,,3.47200000e-008,-1.60000023e-002
,,,3.47600000e-008,-8.00000221e-003
,,,3.48000000e-008,-8.00000221e-003
,,,3.48400000e-008,-2.08616256e-009
,,,3.48800000e-008,-8.00000221e-003
,,,3.49200000e-008,-8.00000221e-003
,,,3.49600000e-008,-8.00000221e-003
,,,3.50000000e-008,-8.00000221e-003
,,,3.50400000e-008,-2.08616256e-009
,,,3.50800000e-008,-2.08616256e-009
,,,3.51200000e-008,-2.08616256e-009
,,,3.51600000e-008,-8.00000221e-003
,,,3.52000000e-008,-1.60000023e-002
,,,3.52400000e-008,-8.00000221e-003
,,,3.52800000e-008,-8.00000221e-003
,,,3.53200000e-008,-2.08616256e-009
,,,3.53600000e-008,-2.08616256e-009
,,,3.54000000e-008,-8.00000221e-003
,,,3.54400000e-008,-8.00000221e-003
,,,3.54800000e-008,-8.00000221e-003
,,,3.55200000e-008,-8.00000221e-003
,,,3.55600000e-008,-8.00000221e-003
,,,3.56000000e-008,-8.00000221e-003
,,,3.56400000e-008,-8.00000221e-003
,,,3.56800000e-008,-8.00000221e-003
,,,3.57200000e-008,-8.00000221e-003
,,,3.57600000e-008,-8.00000221e-003
,,,3.58000000e-008,-8.00000221e-003
,,,3.58400000e-008,-8.00000221e-003
,,,3.58800000e-008,-1.60000023e-002
,,,3.59200000e-008,-1.60000023e-002
,,,3.59600000e-008,-1.60000023e-002
,,,3.60000000e-008,-8.00000221e-003
,,,3.60400000e-008,-8.00000221e-003
,,,3.60800000e-008,-8.00000221e-003
,,,3.61200000e-008,-8.00000221e-003
,,,3.61600000e-008,-1.60000023e-002
,,,3.62000000e-008,-2.40000024e-002
,,,3.62400000e-008,-1.60000023e-002
,,,3.62800000e-008,-1.60000023e-002
,,,3.63200000e-008,-8.00000221e-003
,,,3.63600000e-008,-2.08616256e-009
,,,3.64000000e-008,-2.08616256e-009
,,,3.64400000e-008,-2.08616256e-009
,,,3.64800000e-008,-8.00000221e-003
,,,3.65200000e-008,-8.00000221e-003
,,,3.65600000e-008,-8.00000221e-003
,,,3.66000000e-008,-8.00000221e-003
,,,3.66400000e-008,-8.00000221e-003
,,,3.66800000e-008,-8.00000221e-003
,,,3.67200000e-008,-8.00000221e-003
,,,3.67600000e-008,-8.00000221e-003
,,,3.68000000e-008,-2.08616256e-009
,,,3.68400000e-008,-2.08616256e-009
,,,3.68800000e-008,-8.00000221e-003
,,,3.69200000e-008,-8.00000221e-003
,,,3.69600000e-008,-1.60000023e-002
,,,3.70000000e-008,-1.60000023e-002
,,,3.70400000e-008,-8.00000221e-003
,,,3.70800000e-008,-8.00000221e-003
,,,3.71200000e-008,-8.00000221e-003
,,,3.71600000e-008,-8.00000221e-003
,,,3.72000000e-008,-8.00000221e-003
,,,3.72400000e-008,-8.00000221e-003
,,,3.72800000e-008,-8.00000221e-003
,,,3.73200000e-008,-2.08616256e-009
,,,3.73600000e-008,-2.08616256e-009
,,,3.74000000e-008,-8.00000221e-003
,,,3.74400000e-008,-8.00000221e-003
,,,3.74800000e-008,-1.60000023e-002
,,,3.75200000e-008,-1.60000023e-002
,,,3.75600000e-008,-1.60000023e-002
,,,3.76000000e-008,-8.00000221e-003
,,,3.76400000e-008,-8.00000221e-003
,,,3.76800000e-008,-8.00000221e-003
,,,3.77200000e-008,-1.60000023e-002
,,,3.77600000e-008,-1.60000023e-002
,,,3.78000000e-008,-1.60000023e-002
,,,3.78400000e-008,-8.00000221e-003
,,,3.78800000e-008,-8.00000221e-003
,,,3.79200000e-008,-2.08616256e-009
,,,3.79600000e-008,-2.08616256e-009
,,,3.80000000e-008,-8.00000221e-003
,,,3.80400000e-008,-8.00000221e-003
,,,3.80800000e-008,-8.00000221e-003
,,,3.81200000e-008,-8.00000221e-003
,,,3.81600000e-008,-8.00000221e-003
,,,3.82000000e-008,-8.00000221e-003
,,,3.82400000e-008,-8.00000221e-003
,,,3.82800000e-008,-8.00000221e-003
,,,3.83200000e-008,-8.00000221e-003
,,,3.83600000e-008,-8.00000221e-003
,,,3.84000000e-008,-8.00000221e-003
,,,3.84400000e-008,-2.08616256e-009
,,,3.84800000e-008,-2.08616256e-009
,,,3.85200000e-008,-2.08616256e-009
,,,3.85600000e-008,7.99999803e-003
,,,3.86000000e-008,-2.08616256e-009
,,,3.86400000e-008,-2.08616256e-009
,,,3.86800000e-008,-8.00000221e-003
,,,3.87200000e-008,-8.00000221e-003
,,,3.87600000e-008,-8.00000221e-003
,,,3.88000000e-008,-8.00000221e-003
,,,3.88400000e-008,-8.00000221e-003
,,,3.88800000e-008,-8.00000221e-003
,,,3.89200000e-008,-8.00000221e-003
,,,3.89600000e-008,-8.00000221e-003
,,,3.90000000e-008,-8.00000221e-003
,,,3.90400000e-008,-1.60000023e-002
,,,3.90800000e-008,-1.60000023e-002
,,,3.91200000e-008,-8.00000221e-003
,,,3.91600000e-008,-8.00000221e-003
,,,3.92000000e-008,-8.00000221e-003
,,,3.92400000e-008,-8.00000221e-003
,,,3.92800000e-008,-8.00000221e-003
,,,3.93200000e-008,-1.60000023e-002
,,,3.93600000e-008,-8.00000221e-003
,,,3.94000000e-008,-2.08616256e-009
,,,3.94400000e-008,-2.08616256e-009
,,,3.94800000e-008,7.99999803e-003
,,,3.95200000e-008,-2.08616256e-009
,,,3.95600000e-008,-2.08616256e-009
,,,3.96000000e-008,-8.00000221e-003
,,,3.96400000e-008,-8.00000221e-003
,,,3.96800000e-008,-8.00000221e-003
,,,3.97200000e-008,-8.00000221e-003
,,,3.97600000e-008,-8.00000221e-003
,,,3.98000000e-008,-8.00000221e-003
,,,3.98400000e-008,-8.00000221e-003
,,,3.98800000e-008,-8.00000221e-003
,,,3.99200000e-008,-8.00000221e-003
,,,3.99600000e-008,-8.00000221e-003
,,,4.00000000e-008,-1.60000023e-002
,,,4.00400000e-008,-1.60000023e-002
,,,4.00800000e-008,-1.60000023e-002
,,,4.01200000e-008,-8.00000221e-003
,,,4.01600000e-008,-8.00000221e-003
,,,4.02000000e-008,-2.08616256e-009
,,,4.02400000e-008,-2.08616256e-009
,,,4.02800000e-008,-8.00000221e-003
,,,4.03200000e-008,-8.00000221e-003
,,,4.03600000e-008,-1.60000023e-002
,,,4.04000000e-008,-1.60000023e-002
,,,4.04400000e-008,-8.00000221e-003
,,,4.04800000e-008,-8.00000221e-003
,,,4.05200000e-008,-2.08616256e-009
,,,4.05600000e-008,-8.00000221e-003
,,,4.06000000e-008,-8.00000221e-003
,,,4.06400000e-008,-8.00000221e-003
,,,4.06800000e-008,-8.00000221e-003
,,,4.07200000e-008,-8.00000221e-003
,,,4.07600000e-008,-2.08616256e-009
,,,4.08000000e-008,-2.08616256e-009
,,,4.08400000e-008,-2.08616256e-009
,,,4.08800000e-008,-8.00000221e-003
,,,4.09200000e-008,-8.00000221e-003
,,,4.09600000e-008,-1.60000023e-002
,,,4.10000000e-008,-2.40000024e-002
,,,4.10400000e-008,-2.40000024e-002
,,,4.10800000e-008,-1.60000023e-002
,,,4.11200000e-008,-1.60000023e-002
,,,4.11600000e-008,-8.00000221e-003
,,,4.12000000e-008,-8.00000221e-003
,,,4.12400000e-008,-2.08616256e-009
,,,4.12800000e-008,-8.00000221e-003
,,,4.13200000e-008,-8.00000221e-003
,,,4.13600000e-008,-8.00000221e-003
,,,4.14000000e-008,-8.00000221e-003
,,,4.14400000e-008,-8.00000221e-003
,,,4.14800000e-008,-8.00000221e-003
,,,4.15200000e-008,-8.00000221e-003
,,,4.15600000e-008,-8.00000221e-003
,,,4.16000000e-008,-8.00000221e-003
,,,4.16400000e-008,-1.60000023e-002
,,,4.16800000e-008,-1.60000023e-002
,,,4.17200000e-008,-1.60000023e-002
,,,4.17600000e-008,-8.00000221e-003
,,,4.18000000e-008,-8.00000221e-003
,,,4.18400000e-008,-1.60000023e-002
,,,4.18800000e-008,-1.60000023e-002
,,,4.19200000e-008,-1.60000023e-002
,,,4.19600000e-008,-1.60000023e-002
,,,4.20000000e-008,-8.00000221e-003
,,,4.20400000e-008,-8.00000221e-003
,,,4.20800000e-008,-8.00000221e-003
,,,4.21200000e-008,-1.60000023e-002
,,,4.21600000e-008,-1.60000023e-002
,,,4.22000000e-008,-1.60000023e-002
,,,4.22400000e-008,-8.00000221e-003
,,,4.22800000e-008,-8.00000221e-003
,,,4.23200000e-008,-2.08616256e-009
,,,4.23600000e-008,-2.08616256e-009
,,,4.24000000e-008,-2.08616256e-009
,,,4.24400000e-008,-8.00000221e-003
,,,4.24800000e-008,-8.00000221e-003
,,,4.25200000e-008,-8.00000221e-003
,,,4.25600000e-008,-8.00000221e-003
,,,4.26000000e-008,-8.00000221e-003
,,,4.26400000e-008,-1.60000023e-002
,,,4.26800000e-008,-1.60000023e-002
,,,4.27200000e-008,-8.00000221e-003
,,,4.27600000e-008,-8.00000221e-003
,,,4.28000000e-008,-8.00000221e-003
,,,4.28400000e-008,-8.00000221e-003
,,,4.28800000e-008,-8.00000221e-003
,,,4.29200000e-008,-1.60000023e-002
,,,4.29600000e-008,-1.60000023e-002
,,,4.30000000e-008,-8.00000221e-003
,,,4.30400000e-008,-8.00000221e-003
,,,4.30800000e-008,-2.08616256e-009
,,,4.31200000e-008,-2.08616256e-009
,,,4.31600000e-008,-2.08616256e-009
,,,4.32000000e-008,-8.00000221e-003
,,,4.32400000e-008,-8.00000221e-003
,,,4.32800000e-008,-8.00000221e-003
,,,4.33200000e-008,-8.00000221e-003
,,,4.33600000e-008,-2.08616256e-009
,,,4.34000000e-008,-2.08616256e-009
,,,4.34400000e-008,-8.00000221e-003
,,,4.34800000e-008,-1.60000023e-002
,,,4.35200000e-008,-1.60000023e-002
,,,4.35600000e-008,-1.60000023e-002
,,,4.36000000e-008,-1.60000023e-002
,,,4.36400000e-008,-8.00000221e-003
,,,4.36800000e-008,-8.00000221e-003
,,,4.37200000e-008,-8.00000221e-003
,,,4.37600000e-008,-8.00000221e-003
,,,4.38000000e-008,-8.00000221e-003
,,,4.38400000e-008,-8.00000221e-003
,,,4.38800000e-008,-8.00000221e-003
,,,4.39200000e-008,-8.00000221e-003
,,,4.39600000e-008,-8.00000221e-003
,,,4.40000000e-008,-8.00000221e-003
,,,4.40400000e-008,-2.08616256e-009
,,,4.40800000e-008,-2.08616256e-009
,,,4.41200000e-008,-8.00000221e-003
,,,4.41600000e-008,-8.00000221e-003
,,,4.42000000e-008,-1.60000023e-002
,,,4.42400000e-008,-2.40000024e-002
,,,4.42800000e-008,-1.60000023e-002
,,,4.43200000e-008,-1.60000023e-002
,,,4.43600000e-008,-8.00000221e-003
,,,4.44000000e-008,-2.08616256e-009
,,,4.44400000e-008,-2.08616256e-009
,,,4.44800000e-008,-2.08616256e-009
,,,4.45200000e-008,-2.08616256e-009
,,,4.45600000e-008,-2.08616256e-009
,,,4.46000000e-008,-2.08616256e-009
,,,4.46400000e-008,-8.00000221e-003
,,,4.46800000e-008,-8.00000221e-003
,,,4.47200000e-008,-8.00000221e-003
,,,4.47600000e-008,-2.08616256e-009
,,,4.48000000e-008,-2.08616256e-009
,,,4.48400000e-008,-2.08616256e-009
,,,4.48800000e-008,-2.08616256e-009
,,,4.49200000e-008,-8.00000221e-003
,,,4.49600000e-008,-8.00000221e-003
,,,4.50000000e-008,-8.00000221e-003
,,,4.50400000e-008,-8.00000221e-003
,,,4.50800000e-008,-8.00000221e-003
,,,4.51200000e-008,-8.00000221e-003
,,,4.51600000e-008,-8.00000221e-003
,,,4.52000000e-008,-8.00000221e-003
,,,4.52400000e-008,-8.00000221e-003
,,,4.52800000e-008,-8.00000221e-003
,,,4.53200000e-008,-8.00000221e-003
,,,4.53600000e-008,-8.00000221e-003
,,,4.54000000e-008,-8.00000221e-003
,,,4.54400000e-008,-8.00000221e-003
,,,4.54800000e-008,-2.08616256e-009
,,,4.55200000e-008,-2.08616256e-009
,,,4.55600000e-008,7.99999803e-003
,,,4.56000000e-008,7.99999803e-003
,,,4.56400000e-008,-2.08616256e-009
,,,4.56800000e-008,-8.00000221e-003
,,,4.57200000e-008,-1.60000023e-002
,,,4.57600000e-008,-1.60000023e-002
,,,4.58000000e-008,-1.60000023e-002
,,,4.58400000e-008,-8.00000221e-003
,,,4.58800000e-008,-8.00000221e-003
,,,4.59200000e-008,-8.00000221e-003
,,,4.59600000e-008,-8.00000221e-003
,,,4.60000000e-008,-8.00000221e-003
,,,4.60400000e-008,-8.00000221e-003
,,,4.60800000e-008,-8.00000221e-003
,,,4.61200000e-008,-8.00000221e-003
,,,4.61600000e-008,-8.00000221e-003
,,,4.62000000e-008,-1.60000023e-002
,,,4.62400000e-008,-1.60000023e-002
,,,4.62800000e-008,-1.60000023e-002
,,,4.63200000e-008,-8.00000221e-003
,,,4.63600000e-008,-2.08616256e-009
,,,4.64000000e-008,-2.08616256e-009
,,,4.64400000e-008,-2.08616256e-009
,,,4.64800000e-008,-8.00000221e-003
,,,4.65200000e-008,-8.00000221e-003
,,,4.65600000e-008,-8.00000221e-003
,,,4.66000000e-008,-8.00000221e-003
,,,4.66400000e-008,-8.00000221e-003
,,,4.66800000e-008,-8.00000221e-003
,,,4.67200000e-008,-8.00000221e-003
,,,4.67600000e-008,-8.00000221e-003
,,,4.68000000e-008,-8.00000221e-003
,,,4.68400000e-008,-2.08616256e-009
,,,4.68800000e-008,-2.08616256e-009
,,,4.69200000e-008,-2.08616256e-009
,,,4.69600000e-008,-8.00000221e-003
,,,4.70000000e-008,-8.00000221e-003
,,,4.70400000e-008,-8.00000221e-003
,,,4.70800000e-008,-8.00000221e-003
,,,4.71200000e-008,-8.00000221e-003
,,,4.71600000e-008,-8.00000221e-003
,,,4.72000000e-008,-1.60000023e-002
,,,4.72400000e-008,-1.60000023e-002
,,,4.72800000e-008,-8.00000221e-003
,,,4.73200000e-008,-8.00000221e-003
,,,4.73600000e-008,-8.00000221e-003
,,,4.74000000e-008,-1.60000023e-002
,,,4.74400000e-008,-1.60000023e-002
,,,4.74800000e-008,-1.60000023e-002
,,,4.75200000e-008,-1.60000023e-002
,,,4.75600000e-008,-8.00000221e-003
,,,4.76000000e-008,-2.08616256e-009
,,,4.76400000e-008,-8.00000221e-003
,,,4.76800000e-008,-8.00000221e-003
,,,4.77200000e-008,-1.60000023e-002
,,,4.77600000e-008,-1.60000023e-002
,,,4.78000000e-008,-8.00000221e-003
,,,4.78400000e-008,-2.08616256e-009
,,,4.78800000e-008,-2.08616256e-009
,,,4.79200000e-008,-2.08616256e-009
,,,4.79600000e-008,-8.00000221e-003
,,,4.80000000e-008,-8.00000221e-003
,,,4.80400000e-008,-8.00000221e-003
,,,4.80800000e-008,-2.08616256e-009
,,,4.81200000e-008,-2.08616256e-009
,,,4.81600000e-008,-2.08616256e-009
,,,4.82000000e-008,-2.08616256e-009
,,,4.82400000e-008,-8.00000221e-003
,,,4.82800000e-008,-1.60000023e-002
,,,4.83200000e-008,-1.60000023e-002
,,,4.83600000e-008,-1.60000023e-002
,,,4.84000000e-008,-8.00000221e-003
,,,4.84400000e-008,-8.00000221e-003
,,,4.84800000e-008,-8.00000221e-003
,,,4.85200000e-008,-8.00000221e-003
,,,4.85600000e-008,-8.00000221e-003
,,,4.86000000e-008,-8.00000221e-003
,,,4.86400000e-008,-2.08616256e-009
,,,4.86800000e-008,-2.08616256e-009
,,,4.87200000e-008,-8.00000221e-003
,,,4.87600000e-008,-8.00000221e-003
,,,4.88000000e-008,-1.60000023e-002
,,,4.88400000e-008,-1.60000023e-002
,,,4.88800000e-008,-8.00000221e-003
,,,4.89200000e-008,-8.00000221e-003
,,,4.89600000e-008,-8.00000221e-003
,,,4.90000000e-008,-8.00000221e-003
,,,4.90400000e-008,-8.00000221e-003
,,,4.90800000e-008,-8.00000221e-003
,,,4.91200000e-008,-8.00000221e-003
,,,4.91600000e-008,-8.00000221e-003
,,,4.92000000e-008,-8.00000221e-003
,,,4.92400000e-008,-8.00000221e-003
,,,4.92800000e-008,-8.00000221e-003
,,,4.93200000e-008,-8.00000221e-003
,,,4.93600000e-008,-8.00000221e-003
,,,4.94000000e-008,-8.00000221e-003
,,,4.94400000e-008,-8.00000221e-003
,,,4.94800000e-008,-8.00000221e-003
,,,4.95200000e-008,-1.60000023e-002
,,,4.95600000e-008,-1.60000023e-002
,,,4.96000000e-008,-1.60000023e-002
,,,4.96400000e-008,-1.60000023e-002
,,,4.96800000e-008,-1.60000023e-002
,,,4.97200000e-008,-1.60000023e-002
,,,4.97600000e-008,-8.00000221e-003
,,,4.98000000e-008,-8.00000221e-003
,,,4.98400000e-008,-8.00000221e-003
,,,4.98800000e-008,-8.00000221e-003
,,,4.99200000e-008,-8.00000221e-003
,,,4.99600000e-008,-1.60000023e-002
