"Record Length",2500,"Points",-4.40000000e-008,2.39999771e-002
"Sample Interval",4.00000000e-011,s,-4.39600000e-008,1.19999766e-002
"Trigger Point",1100,"Samples",-4.39200000e-008,1.19999766e-002
"Trigger Time",2.99607843e-011,s,-4.38800000e-008,1.19999766e-002
"",,,-4.38400000e-008,1.19999766e-002
"Horizontal Offset",-4.40000000e-008,s,-4.38000000e-008,1.19999766e-002
,,,-4.37600000e-008,1.19999766e-002
,,,-4.37200000e-008,1.19999766e-002
,,,-4.36800000e-008,1.19999766e-002
,,,-4.36400000e-008,1.19999766e-002
,,,-4.36000000e-008,1.19999766e-002
,,,-4.35600000e-008,1.19999766e-002
,,,-4.35200000e-008,1.19999766e-002
,,,-4.34800000e-008,1.19999766e-002
,,,-4.34400000e-008,1.19999766e-002
,,,-4.34000000e-008,-2.38418580e-008
,,,-4.33600000e-008,1.19999766e-002
,,,-4.33200000e-008,1.19999766e-002
,,,-4.32800000e-008,1.19999766e-002
,,,-4.32400000e-008,2.39999771e-002
,,,-4.32000000e-008,2.39999771e-002
,,,-4.31600000e-008,1.19999766e-002
,,,-4.31200000e-008,1.19999766e-002
,,,-4.30800000e-008,1.19999766e-002
,,,-4.30400000e-008,1.19999766e-002
,,,-4.30000000e-008,1.19999766e-002
,,,-4.29600000e-008,1.19999766e-002
,,,-4.29200000e-008,1.19999766e-002
,,,-4.28800000e-008,1.19999766e-002
,,,-4.28400000e-008,-2.38418580e-008
,,,-4.28000000e-008,-2.38418580e-008
,,,-4.27600000e-008,-2.38418580e-008
,,,-4.27200000e-008,-2.38418580e-008
,,,-4.26800000e-008,-2.38418580e-008
,,,-4.26400000e-008,1.19999766e-002
,,,-4.26000000e-008,1.19999766e-002
,,,-4.25600000e-008,1.19999766e-002
,,,-4.25200000e-008,1.19999766e-002
,,,-4.24800000e-008,1.19999766e-002
,,,-4.24400000e-008,1.19999766e-002
,,,-4.24000000e-008,-2.38418580e-008
,,,-4.23600000e-008,-2.38418580e-008
,,,-4.23200000e-008,-2.38418580e-008
,,,-4.22800000e-008,1.19999766e-002
,,,-4.22400000e-008,1.19999766e-002
,,,-4.22000000e-008,2.39999771e-002
,,,-4.21600000e-008,2.39999771e-002
,,,-4.21200000e-008,1.19999766e-002
,,,-4.20800000e-008,1.19999766e-002
,,,-4.20400000e-008,1.19999766e-002
,,,-4.20000000e-008,1.19999766e-002
,,,-4.19600000e-008,2.39999771e-002
,,,-4.19200000e-008,2.39999771e-002
,,,-4.18800000e-008,2.39999771e-002
,,,-4.18400000e-008,1.19999766e-002
,,,-4.18000000e-008,1.19999766e-002
,,,-4.17600000e-008,-2.38418580e-008
,,,-4.17200000e-008,-2.38418580e-008
,,,-4.16800000e-008,1.19999766e-002
,,,-4.16400000e-008,1.19999766e-002
,,,-4.16000000e-008,2.39999771e-002
,,,-4.15600000e-008,2.39999771e-002
,,,-4.15200000e-008,2.39999771e-002
,,,-4.14800000e-008,2.39999771e-002
,,,-4.14400000e-008,1.19999766e-002
,,,-4.14000000e-008,1.19999766e-002
,,,-4.13600000e-008,1.19999766e-002
,,,-4.13200000e-008,1.19999766e-002
,,,-4.12800000e-008,1.19999766e-002
,,,-4.12400000e-008,1.19999766e-002
,,,-4.12000000e-008,1.19999766e-002
,,,-4.11600000e-008,1.19999766e-002
,,,-4.11200000e-008,1.19999766e-002
,,,-4.10800000e-008,1.19999766e-002
,,,-4.10400000e-008,1.19999766e-002
,,,-4.10000000e-008,1.19999766e-002
,,,-4.09600000e-008,-2.38418580e-008
,,,-4.09200000e-008,-2.38418580e-008
,,,-4.08800000e-008,-2.38418580e-008
,,,-4.08400000e-008,-2.38418580e-008
,,,-4.08000000e-008,1.19999766e-002
,,,-4.07600000e-008,2.39999771e-002
,,,-4.07200000e-008,2.39999771e-002
,,,-4.06800000e-008,1.19999766e-002
,,,-4.06400000e-008,1.19999766e-002
,,,-4.06000000e-008,1.19999766e-002
,,,-4.05600000e-008,1.19999766e-002
,,,-4.05200000e-008,1.19999766e-002
,,,-4.04800000e-008,1.19999766e-002
,,,-4.04400000e-008,1.19999766e-002
,,,-4.04000000e-008,1.19999766e-002
,,,-4.03600000e-008,1.19999766e-002
,,,-4.03200000e-008,1.19999766e-002
,,,-4.02800000e-008,2.39999771e-002
,,,-4.02400000e-008,2.39999771e-002
,,,-4.02000000e-008,1.19999766e-002
,,,-4.01600000e-008,1.19999766e-002
,,,-4.01200000e-008,1.19999766e-002
,,,-4.00800000e-008,1.19999766e-002
,,,-4.00400000e-008,1.19999766e-002
,,,-4.00000000e-008,1.19999766e-002
,,,-3.99600000e-008,2.39999771e-002
,,,-3.99200000e-008,2.39999771e-002
,,,-3.98800000e-008,2.39999771e-002
,,,-3.98400000e-008,2.39999771e-002
,,,-3.98000000e-008,2.39999771e-002
,,,-3.97600000e-008,1.19999766e-002
,,,-3.97200000e-008,1.19999766e-002
,,,-3.96800000e-008,-2.38418580e-008
,,,-3.96400000e-008,-2.38418580e-008
,,,-3.96000000e-008,-2.38418580e-008
,,,-3.95600000e-008,-2.38418580e-008
,,,-3.95200000e-008,1.19999766e-002
,,,-3.94800000e-008,1.19999766e-002
,,,-3.94400000e-008,1.19999766e-002
,,,-3.94000000e-008,1.19999766e-002
,,,-3.93600000e-008,-2.38418580e-008
,,,-3.93200000e-008,-2.38418580e-008
,,,-3.92800000e-008,-2.38418580e-008
,,,-3.92400000e-008,1.19999766e-002
,,,-3.92000000e-008,2.39999771e-002
,,,-3.91600000e-008,2.39999771e-002
,,,-3.91200000e-008,2.39999771e-002
,,,-3.90800000e-008,1.19999766e-002
,,,-3.90400000e-008,-2.38418580e-008
,,,-3.90000000e-008,-2.38418580e-008
,,,-3.89600000e-008,1.19999766e-002
,,,-3.89200000e-008,1.19999766e-002
,,,-3.88800000e-008,1.19999766e-002
,,,-3.88400000e-008,-2.38418580e-008
,,,-3.88000000e-008,-1.20000243e-002
,,,-3.87600000e-008,-1.20000243e-002
,,,-3.87200000e-008,-2.38418580e-008
,,,-3.86800000e-008,1.19999766e-002
,,,-3.86400000e-008,2.39999771e-002
,,,-3.86000000e-008,2.39999771e-002
,,,-3.85600000e-008,1.19999766e-002
,,,-3.85200000e-008,1.19999766e-002
,,,-3.84800000e-008,1.19999766e-002
,,,-3.84400000e-008,1.19999766e-002
,,,-3.84000000e-008,1.19999766e-002
,,,-3.83600000e-008,1.19999766e-002
,,,-3.83200000e-008,1.19999766e-002
,,,-3.82800000e-008,-2.38418580e-008
,,,-3.82400000e-008,-2.38418580e-008
,,,-3.82000000e-008,1.19999766e-002
,,,-3.81600000e-008,1.19999766e-002
,,,-3.81200000e-008,1.19999766e-002
,,,-3.80800000e-008,-2.38418580e-008
,,,-3.80400000e-008,-2.38418580e-008
,,,-3.80000000e-008,-2.38418580e-008
,,,-3.79600000e-008,-2.38418580e-008
,,,-3.79200000e-008,1.19999766e-002
,,,-3.78800000e-008,1.19999766e-002
,,,-3.78400000e-008,1.19999766e-002
,,,-3.78000000e-008,1.19999766e-002
,,,-3.77600000e-008,1.19999766e-002
,,,-3.77200000e-008,1.19999766e-002
,,,-3.76800000e-008,1.19999766e-002
,,,-3.76400000e-008,1.19999766e-002
,,,-3.76000000e-008,1.19999766e-002
,,,-3.75600000e-008,1.19999766e-002
,,,-3.75200000e-008,1.19999766e-002
,,,-3.74800000e-008,1.19999766e-002
,,,-3.74400000e-008,2.39999771e-002
,,,-3.74000000e-008,2.39999771e-002
,,,-3.73600000e-008,2.39999771e-002
,,,-3.73200000e-008,1.19999766e-002
,,,-3.72800000e-008,1.19999766e-002
,,,-3.72400000e-008,1.19999766e-002
,,,-3.72000000e-008,-2.38418580e-008
,,,-3.71600000e-008,-2.38418580e-008
,,,-3.71200000e-008,-2.38418580e-008
,,,-3.70800000e-008,1.19999766e-002
,,,-3.70400000e-008,2.39999771e-002
,,,-3.70000000e-008,2.39999771e-002
,,,-3.69600000e-008,2.39999771e-002
,,,-3.69200000e-008,1.19999766e-002
,,,-3.68800000e-008,-2.38418580e-008
,,,-3.68400000e-008,-2.38418580e-008
,,,-3.68000000e-008,-2.38418580e-008
,,,-3.67600000e-008,1.19999766e-002
,,,-3.67200000e-008,1.19999766e-002
,,,-3.66800000e-008,1.19999766e-002
,,,-3.66400000e-008,1.19999766e-002
,,,-3.66000000e-008,1.19999766e-002
,,,-3.65600000e-008,1.19999766e-002
,,,-3.65200000e-008,1.19999766e-002
,,,-3.64800000e-008,1.19999766e-002
,,,-3.64400000e-008,1.19999766e-002
,,,-3.64000000e-008,1.19999766e-002
,,,-3.63600000e-008,1.19999766e-002
,,,-3.63200000e-008,1.19999766e-002
,,,-3.62800000e-008,-2.38418580e-008
,,,-3.62400000e-008,-2.38418580e-008
,,,-3.62000000e-008,-2.38418580e-008
,,,-3.61600000e-008,-2.38418580e-008
,,,-3.61200000e-008,-2.38418580e-008
,,,-3.60800000e-008,1.19999766e-002
,,,-3.60400000e-008,2.39999771e-002
,,,-3.60000000e-008,2.39999771e-002
,,,-3.59600000e-008,1.19999766e-002
,,,-3.59200000e-008,1.19999766e-002
,,,-3.58800000e-008,1.19999766e-002
,,,-3.58400000e-008,1.19999766e-002
,,,-3.58000000e-008,2.39999771e-002
,,,-3.57600000e-008,3.59999776e-002
,,,-3.57200000e-008,3.59999776e-002
,,,-3.56800000e-008,3.59999776e-002
,,,-3.56400000e-008,2.39999771e-002
,,,-3.56000000e-008,2.39999771e-002
,,,-3.55600000e-008,2.39999771e-002
,,,-3.55200000e-008,2.39999771e-002
,,,-3.54800000e-008,2.39999771e-002
,,,-3.54400000e-008,2.39999771e-002
,,,-3.54000000e-008,1.19999766e-002
,,,-3.53600000e-008,-2.38418580e-008
,,,-3.53200000e-008,-2.38418580e-008
,,,-3.52800000e-008,-2.38418580e-008
,,,-3.52400000e-008,1.19999766e-002
,,,-3.52000000e-008,2.39999771e-002
,,,-3.51600000e-008,2.39999771e-002
,,,-3.51200000e-008,1.19999766e-002
,,,-3.50800000e-008,1.19999766e-002
,,,-3.50400000e-008,-2.38418580e-008
,,,-3.50000000e-008,-2.38418580e-008
,,,-3.49600000e-008,-2.38418580e-008
,,,-3.49200000e-008,1.19999766e-002
,,,-3.48800000e-008,1.19999766e-002
,,,-3.48400000e-008,1.19999766e-002
,,,-3.48000000e-008,-2.38418580e-008
,,,-3.47600000e-008,-2.38418580e-008
,,,-3.47200000e-008,-2.38418580e-008
,,,-3.46800000e-008,1.19999766e-002
,,,-3.46400000e-008,-2.38418580e-008
,,,-3.46000000e-008,-2.38418580e-008
,,,-3.45600000e-008,-2.38418580e-008
,,,-3.45200000e-008,-2.38418580e-008
,,,-3.44800000e-008,1.19999766e-002
,,,-3.44400000e-008,2.39999771e-002
,,,-3.44000000e-008,2.39999771e-002
,,,-3.43600000e-008,2.39999771e-002
,,,-3.43200000e-008,1.19999766e-002
,,,-3.42800000e-008,1.19999766e-002
,,,-3.42400000e-008,1.19999766e-002
,,,-3.42000000e-008,1.19999766e-002
,,,-3.41600000e-008,2.39999771e-002
,,,-3.41200000e-008,1.19999766e-002
,,,-3.40800000e-008,1.19999766e-002
,,,-3.40400000e-008,-2.38418580e-008
,,,-3.40000000e-008,-2.38418580e-008
,,,-3.39600000e-008,1.19999766e-002
,,,-3.39200000e-008,1.19999766e-002
,,,-3.38800000e-008,1.19999766e-002
,,,-3.38400000e-008,1.19999766e-002
,,,-3.38000000e-008,1.19999766e-002
,,,-3.37600000e-008,1.19999766e-002
,,,-3.37200000e-008,1.19999766e-002
,,,-3.36800000e-008,1.19999766e-002
,,,-3.36400000e-008,1.19999766e-002
,,,-3.36000000e-008,1.19999766e-002
,,,-3.35600000e-008,1.19999766e-002
,,,-3.35200000e-008,1.19999766e-002
,,,-3.34800000e-008,1.19999766e-002
,,,-3.34400000e-008,2.39999771e-002
,,,-3.34000000e-008,2.39999771e-002
,,,-3.33600000e-008,2.39999771e-002
,,,-3.33200000e-008,1.19999766e-002
,,,-3.32800000e-008,1.19999766e-002
,,,-3.32400000e-008,-2.38418580e-008
,,,-3.32000000e-008,-2.38418580e-008
,,,-3.31600000e-008,-2.38418580e-008
,,,-3.31200000e-008,-2.38418580e-008
,,,-3.30800000e-008,-2.38418580e-008
,,,-3.30400000e-008,-2.38418580e-008
,,,-3.30000000e-008,1.19999766e-002
,,,-3.29600000e-008,2.39999771e-002
,,,-3.29200000e-008,2.39999771e-002
,,,-3.28800000e-008,2.39999771e-002
,,,-3.28400000e-008,1.19999766e-002
,,,-3.28000000e-008,1.19999766e-002
,,,-3.27600000e-008,-2.38418580e-008
,,,-3.27200000e-008,-2.38418580e-008
,,,-3.26800000e-008,-2.38418580e-008
,,,-3.26400000e-008,-2.38418580e-008
,,,-3.26000000e-008,-2.38418580e-008
,,,-3.25600000e-008,-2.38418580e-008
,,,-3.25200000e-008,-2.38418580e-008
,,,-3.24800000e-008,1.19999766e-002
,,,-3.24400000e-008,2.39999771e-002
,,,-3.24000000e-008,2.39999771e-002
,,,-3.23600000e-008,1.19999766e-002
,,,-3.23200000e-008,-2.38418580e-008
,,,-3.22800000e-008,-2.38418580e-008
,,,-3.22400000e-008,-2.38418580e-008
,,,-3.22000000e-008,1.19999766e-002
,,,-3.21600000e-008,1.19999766e-002
,,,-3.21200000e-008,1.19999766e-002
,,,-3.20800000e-008,-2.38418580e-008
,,,-3.20400000e-008,-2.38418580e-008
,,,-3.20000000e-008,-2.38418580e-008
,,,-3.19600000e-008,1.19999766e-002
,,,-3.19200000e-008,1.19999766e-002
,,,-3.18800000e-008,1.19999766e-002
,,,-3.18400000e-008,1.19999766e-002
,,,-3.18000000e-008,-2.38418580e-008
,,,-3.17600000e-008,-2.38418580e-008
,,,-3.17200000e-008,1.19999766e-002
,,,-3.16800000e-008,2.39999771e-002
,,,-3.16400000e-008,2.39999771e-002
,,,-3.16000000e-008,2.39999771e-002
,,,-3.15600000e-008,1.19999766e-002
,,,-3.15200000e-008,-2.38418580e-008
,,,-3.14800000e-008,-2.38418580e-008
,,,-3.14400000e-008,-2.38418580e-008
,,,-3.14000000e-008,-2.38418580e-008
,,,-3.13600000e-008,1.19999766e-002
,,,-3.13200000e-008,1.19999766e-002
,,,-3.12800000e-008,1.19999766e-002
,,,-3.12400000e-008,1.19999766e-002
,,,-3.12000000e-008,1.19999766e-002
,,,-3.11600000e-008,1.19999766e-002
,,,-3.11200000e-008,2.39999771e-002
,,,-3.10800000e-008,2.39999771e-002
,,,-3.10400000e-008,2.39999771e-002
,,,-3.10000000e-008,2.39999771e-002
,,,-3.09600000e-008,1.19999766e-002
,,,-3.09200000e-008,1.19999766e-002
,,,-3.08800000e-008,1.19999766e-002
,,,-3.08400000e-008,1.19999766e-002
,,,-3.08000000e-008,2.39999771e-002
,,,-3.07600000e-008,1.19999766e-002
,,,-3.07200000e-008,1.19999766e-002
,,,-3.06800000e-008,-2.38418580e-008
,,,-3.06400000e-008,-2.38418580e-008
,,,-3.06000000e-008,-2.38418580e-008
,,,-3.05600000e-008,-2.38418580e-008
,,,-3.05200000e-008,1.19999766e-002
,,,-3.04800000e-008,1.19999766e-002
,,,-3.04400000e-008,1.19999766e-002
,,,-3.04000000e-008,1.19999766e-002
,,,-3.03600000e-008,1.19999766e-002
,,,-3.03200000e-008,1.19999766e-002
,,,-3.02800000e-008,1.19999766e-002
,,,-3.02400000e-008,1.19999766e-002
,,,-3.02000000e-008,1.19999766e-002
,,,-3.01600000e-008,1.19999766e-002
,,,-3.01200000e-008,-2.38418580e-008
,,,-3.00800000e-008,-2.38418580e-008
,,,-3.00400000e-008,-2.38418580e-008
,,,-3.00000000e-008,1.19999766e-002
,,,-2.99600000e-008,1.19999766e-002
,,,-2.99200000e-008,1.19999766e-002
,,,-2.98800000e-008,1.19999766e-002
,,,-2.98400000e-008,1.19999766e-002
,,,-2.98000000e-008,1.19999766e-002
,,,-2.97600000e-008,-2.38418580e-008
,,,-2.97200000e-008,-2.38418580e-008
,,,-2.96800000e-008,1.19999766e-002
,,,-2.96400000e-008,1.19999766e-002
,,,-2.96000000e-008,1.19999766e-002
,,,-2.95600000e-008,1.19999766e-002
,,,-2.95200000e-008,1.19999766e-002
,,,-2.94800000e-008,1.19999766e-002
,,,-2.94400000e-008,1.19999766e-002
,,,-2.94000000e-008,-2.38418580e-008
,,,-2.93600000e-008,-2.38418580e-008
,,,-2.93200000e-008,-2.38418580e-008
,,,-2.92800000e-008,-2.38418580e-008
,,,-2.92400000e-008,-2.38418580e-008
,,,-2.92000000e-008,-2.38418580e-008
,,,-2.91600000e-008,-2.38418580e-008
,,,-2.91200000e-008,-2.38418580e-008
,,,-2.90800000e-008,-2.38418580e-008
,,,-2.90400000e-008,-2.38418580e-008
,,,-2.90000000e-008,-2.38418580e-008
,,,-2.89600000e-008,-2.38418580e-008
,,,-2.89200000e-008,-2.38418580e-008
,,,-2.88800000e-008,-2.38418580e-008
,,,-2.88400000e-008,-2.38418580e-008
,,,-2.88000000e-008,-2.38418580e-008
,,,-2.87600000e-008,-2.38418580e-008
,,,-2.87200000e-008,-2.38418580e-008
,,,-2.86800000e-008,-2.38418580e-008
,,,-2.86400000e-008,-2.38418580e-008
,,,-2.86000000e-008,-2.38418580e-008
,,,-2.85600000e-008,-2.38418580e-008
,,,-2.85200000e-008,-2.38418580e-008
,,,-2.84800000e-008,-2.38418580e-008
,,,-2.84400000e-008,-2.38418580e-008
,,,-2.84000000e-008,-2.38418580e-008
,,,-2.83600000e-008,1.19999766e-002
,,,-2.83200000e-008,2.39999771e-002
,,,-2.82800000e-008,2.39999771e-002
,,,-2.82400000e-008,1.19999766e-002
,,,-2.82000000e-008,1.19999766e-002
,,,-2.81600000e-008,1.19999766e-002
,,,-2.81200000e-008,1.19999766e-002
,,,-2.80800000e-008,1.19999766e-002
,,,-2.80400000e-008,2.39999771e-002
,,,-2.80000000e-008,2.39999771e-002
,,,-2.79600000e-008,1.19999766e-002
,,,-2.79200000e-008,1.19999766e-002
,,,-2.78800000e-008,1.19999766e-002
,,,-2.78400000e-008,1.19999766e-002
,,,-2.78000000e-008,1.19999766e-002
,,,-2.77600000e-008,1.19999766e-002
,,,-2.77200000e-008,1.19999766e-002
,,,-2.76800000e-008,2.39999771e-002
,,,-2.76400000e-008,2.39999771e-002
,,,-2.76000000e-008,2.39999771e-002
,,,-2.75600000e-008,2.39999771e-002
,,,-2.75200000e-008,1.19999766e-002
,,,-2.74800000e-008,1.19999766e-002
,,,-2.74400000e-008,-2.38418580e-008
,,,-2.74000000e-008,-2.38418580e-008
,,,-2.73600000e-008,-2.38418580e-008
,,,-2.73200000e-008,-2.38418580e-008
,,,-2.72800000e-008,-2.38418580e-008
,,,-2.72400000e-008,-2.38418580e-008
,,,-2.72000000e-008,1.19999766e-002
,,,-2.71600000e-008,1.19999766e-002
,,,-2.71200000e-008,1.19999766e-002
,,,-2.70800000e-008,1.19999766e-002
,,,-2.70400000e-008,1.19999766e-002
,,,-2.70000000e-008,1.19999766e-002
,,,-2.69600000e-008,1.19999766e-002
,,,-2.69200000e-008,1.19999766e-002
,,,-2.68800000e-008,1.19999766e-002
,,,-2.68400000e-008,1.19999766e-002
,,,-2.68000000e-008,1.19999766e-002
,,,-2.67600000e-008,1.19999766e-002
,,,-2.67200000e-008,1.19999766e-002
,,,-2.66800000e-008,1.19999766e-002
,,,-2.66400000e-008,1.19999766e-002
,,,-2.66000000e-008,1.19999766e-002
,,,-2.65600000e-008,-2.38418580e-008
,,,-2.65200000e-008,1.19999766e-002
,,,-2.64800000e-008,1.19999766e-002
,,,-2.64400000e-008,1.19999766e-002
,,,-2.64000000e-008,2.39999771e-002
,,,-2.63600000e-008,2.39999771e-002
,,,-2.63200000e-008,2.39999771e-002
,,,-2.62800000e-008,1.19999766e-002
,,,-2.62400000e-008,1.19999766e-002
,,,-2.62000000e-008,1.19999766e-002
,,,-2.61600000e-008,1.19999766e-002
,,,-2.61200000e-008,1.19999766e-002
,,,-2.60800000e-008,1.19999766e-002
,,,-2.60400000e-008,-2.38418580e-008
,,,-2.60000000e-008,-2.38418580e-008
,,,-2.59600000e-008,-2.38418580e-008
,,,-2.59200000e-008,1.19999766e-002
,,,-2.58800000e-008,2.39999771e-002
,,,-2.58400000e-008,2.39999771e-002
,,,-2.58000000e-008,2.39999771e-002
,,,-2.57600000e-008,1.19999766e-002
,,,-2.57200000e-008,-2.38418580e-008
,,,-2.56800000e-008,-2.38418580e-008
,,,-2.56400000e-008,-2.38418580e-008
,,,-2.56000000e-008,-2.38418580e-008
,,,-2.55600000e-008,-2.38418580e-008
,,,-2.55200000e-008,1.19999766e-002
,,,-2.54800000e-008,1.19999766e-002
,,,-2.54400000e-008,1.19999766e-002
,,,-2.54000000e-008,1.19999766e-002
,,,-2.53600000e-008,1.19999766e-002
,,,-2.53200000e-008,-2.38418580e-008
,,,-2.52800000e-008,1.19999766e-002
,,,-2.52400000e-008,1.19999766e-002
,,,-2.52000000e-008,1.19999766e-002
,,,-2.51600000e-008,1.19999766e-002
,,,-2.51200000e-008,1.19999766e-002
,,,-2.50800000e-008,1.19999766e-002
,,,-2.50400000e-008,1.19999766e-002
,,,-2.50000000e-008,2.39999771e-002
,,,-2.49600000e-008,2.39999771e-002
,,,-2.49200000e-008,2.39999771e-002
,,,-2.48800000e-008,1.19999766e-002
,,,-2.48400000e-008,1.19999766e-002
,,,-2.48000000e-008,1.19999766e-002
,,,-2.47600000e-008,1.19999766e-002
,,,-2.47200000e-008,1.19999766e-002
,,,-2.46800000e-008,1.19999766e-002
,,,-2.46400000e-008,1.19999766e-002
,,,-2.46000000e-008,1.19999766e-002
,,,-2.45600000e-008,2.39999771e-002
,,,-2.45200000e-008,2.39999771e-002
,,,-2.44800000e-008,2.39999771e-002
,,,-2.44400000e-008,2.39999771e-002
,,,-2.44000000e-008,1.19999766e-002
,,,-2.43600000e-008,1.19999766e-002
,,,-2.43200000e-008,1.19999766e-002
,,,-2.42800000e-008,1.19999766e-002
,,,-2.42400000e-008,1.19999766e-002
,,,-2.42000000e-008,1.19999766e-002
,,,-2.41600000e-008,-2.38418580e-008
,,,-2.41200000e-008,-2.38418580e-008
,,,-2.40800000e-008,-2.38418580e-008
,,,-2.40400000e-008,-2.38418580e-008
,,,-2.40000000e-008,1.19999766e-002
,,,-2.39600000e-008,1.19999766e-002
,,,-2.39200000e-008,-2.38418580e-008
,,,-2.38800000e-008,-2.38418580e-008
,,,-2.38400000e-008,-2.38418580e-008
,,,-2.38000000e-008,-2.38418580e-008
,,,-2.37600000e-008,1.19999766e-002
,,,-2.37200000e-008,-2.38418580e-008
,,,-2.36800000e-008,-2.38418580e-008
,,,-2.36400000e-008,-2.38418580e-008
,,,-2.36000000e-008,-2.38418580e-008
,,,-2.35600000e-008,1.19999766e-002
,,,-2.35200000e-008,1.19999766e-002
,,,-2.34800000e-008,1.19999766e-002
,,,-2.34400000e-008,1.19999766e-002
,,,-2.34000000e-008,-2.38418580e-008
,,,-2.33600000e-008,-2.38418580e-008
,,,-2.33200000e-008,-2.38418580e-008
,,,-2.32800000e-008,1.19999766e-002
,,,-2.32400000e-008,2.39999771e-002
,,,-2.32000000e-008,2.39999771e-002
,,,-2.31600000e-008,2.39999771e-002
,,,-2.31200000e-008,2.39999771e-002
,,,-2.30800000e-008,1.19999766e-002
,,,-2.30400000e-008,1.19999766e-002
,,,-2.30000000e-008,1.19999766e-002
,,,-2.29600000e-008,1.19999766e-002
,,,-2.29200000e-008,2.39999771e-002
,,,-2.28800000e-008,2.39999771e-002
,,,-2.28400000e-008,2.39999771e-002
,,,-2.28000000e-008,1.19999766e-002
,,,-2.27600000e-008,1.19999766e-002
,,,-2.27200000e-008,-2.38418580e-008
,,,-2.26800000e-008,-2.38418580e-008
,,,-2.26400000e-008,1.19999766e-002
,,,-2.26000000e-008,2.39999771e-002
,,,-2.25600000e-008,2.39999771e-002
,,,-2.25200000e-008,3.59999776e-002
,,,-2.24800000e-008,2.39999771e-002
,,,-2.24400000e-008,1.19999766e-002
,,,-2.24000000e-008,1.19999766e-002
,,,-2.23600000e-008,-2.38418580e-008
,,,-2.23200000e-008,-2.38418580e-008
,,,-2.22800000e-008,1.19999766e-002
,,,-2.22400000e-008,1.19999766e-002
,,,-2.22000000e-008,2.39999771e-002
,,,-2.21600000e-008,2.39999771e-002
,,,-2.21200000e-008,2.39999771e-002
,,,-2.20800000e-008,2.39999771e-002
,,,-2.20400000e-008,1.19999766e-002
,,,-2.20000000e-008,1.19999766e-002
,,,-2.19600000e-008,1.19999766e-002
,,,-2.19200000e-008,1.19999766e-002
,,,-2.18800000e-008,1.19999766e-002
,,,-2.18400000e-008,1.19999766e-002
,,,-2.18000000e-008,1.19999766e-002
,,,-2.17600000e-008,1.19999766e-002
,,,-2.17200000e-008,1.19999766e-002
,,,-2.16800000e-008,1.19999766e-002
,,,-2.16400000e-008,1.19999766e-002
,,,-2.16000000e-008,1.19999766e-002
,,,-2.15600000e-008,1.19999766e-002
,,,-2.15200000e-008,1.19999766e-002
,,,-2.14800000e-008,1.19999766e-002
,,,-2.14400000e-008,1.19999766e-002
,,,-2.14000000e-008,1.19999766e-002
,,,-2.13600000e-008,1.19999766e-002
,,,-2.13200000e-008,1.19999766e-002
,,,-2.12800000e-008,2.39999771e-002
,,,-2.12400000e-008,2.39999771e-002
,,,-2.12000000e-008,2.39999771e-002
,,,-2.11600000e-008,1.19999766e-002
,,,-2.11200000e-008,1.19999766e-002
,,,-2.10800000e-008,1.19999766e-002
,,,-2.10400000e-008,-2.38418580e-008
,,,-2.10000000e-008,-2.38418580e-008
,,,-2.09600000e-008,1.19999766e-002
,,,-2.09200000e-008,1.19999766e-002
,,,-2.08800000e-008,1.19999766e-002
,,,-2.08400000e-008,-2.38418580e-008
,,,-2.08000000e-008,-2.38418580e-008
,,,-2.07600000e-008,-2.38418580e-008
,,,-2.07200000e-008,-2.38418580e-008
,,,-2.06800000e-008,-2.38418580e-008
,,,-2.06400000e-008,1.19999766e-002
,,,-2.06000000e-008,1.19999766e-002
,,,-2.05600000e-008,1.19999766e-002
,,,-2.05200000e-008,1.19999766e-002
,,,-2.04800000e-008,1.19999766e-002
,,,-2.04400000e-008,2.39999771e-002
,,,-2.04000000e-008,2.39999771e-002
,,,-2.03600000e-008,2.39999771e-002
,,,-2.03200000e-008,1.19999766e-002
,,,-2.02800000e-008,1.19999766e-002
,,,-2.02400000e-008,1.19999766e-002
,,,-2.02000000e-008,1.19999766e-002
,,,-2.01600000e-008,1.19999766e-002
,,,-2.01200000e-008,1.19999766e-002
,,,-2.00800000e-008,1.19999766e-002
,,,-2.00400000e-008,1.19999766e-002
,,,-2.00000000e-008,1.19999766e-002
,,,-1.99600000e-008,2.39999771e-002
,,,-1.99200000e-008,3.59999776e-002
,,,-1.98800000e-008,3.59999776e-002
,,,-1.98400000e-008,2.39999771e-002
,,,-1.98000000e-008,2.39999771e-002
,,,-1.97600000e-008,2.39999771e-002
,,,-1.97200000e-008,1.19999766e-002
,,,-1.96800000e-008,1.19999766e-002
,,,-1.96400000e-008,1.19999766e-002
,,,-1.96000000e-008,-2.38418580e-008
,,,-1.95600000e-008,-2.38418580e-008
,,,-1.95200000e-008,-2.38418580e-008
,,,-1.94800000e-008,-2.38418580e-008
,,,-1.94400000e-008,1.19999766e-002
,,,-1.94000000e-008,2.39999771e-002
,,,-1.93600000e-008,2.39999771e-002
,,,-1.93200000e-008,1.19999766e-002
,,,-1.92800000e-008,1.19999766e-002
,,,-1.92400000e-008,1.19999766e-002
,,,-1.92000000e-008,1.19999766e-002
,,,-1.91600000e-008,1.19999766e-002
,,,-1.91200000e-008,1.19999766e-002
,,,-1.90800000e-008,1.19999766e-002
,,,-1.90400000e-008,-2.38418580e-008
,,,-1.90000000e-008,-2.38418580e-008
,,,-1.89600000e-008,-1.20000243e-002
,,,-1.89200000e-008,-1.20000243e-002
,,,-1.88800000e-008,-2.38418580e-008
,,,-1.88400000e-008,-2.38418580e-008
,,,-1.88000000e-008,-2.38418580e-008
,,,-1.87600000e-008,-2.38418580e-008
,,,-1.87200000e-008,1.19999766e-002
,,,-1.86800000e-008,1.19999766e-002
,,,-1.86400000e-008,-2.38418580e-008
,,,-1.86000000e-008,-2.38418580e-008
,,,-1.85600000e-008,-2.38418580e-008
,,,-1.85200000e-008,-2.38418580e-008
,,,-1.84800000e-008,-2.38418580e-008
,,,-1.84400000e-008,-2.38418580e-008
,,,-1.84000000e-008,1.19999766e-002
,,,-1.83600000e-008,1.19999766e-002
,,,-1.83200000e-008,1.19999766e-002
,,,-1.82800000e-008,1.19999766e-002
,,,-1.82400000e-008,-2.38418580e-008
,,,-1.82000000e-008,-2.38418580e-008
,,,-1.81600000e-008,1.19999766e-002
,,,-1.81200000e-008,1.19999766e-002
,,,-1.80800000e-008,2.39999771e-002
,,,-1.80400000e-008,1.19999766e-002
,,,-1.80000000e-008,1.19999766e-002
,,,-1.79600000e-008,-2.38418580e-008
,,,-1.79200000e-008,1.19999766e-002
,,,-1.78800000e-008,1.19999766e-002
,,,-1.78400000e-008,2.39999771e-002
,,,-1.78000000e-008,2.39999771e-002
,,,-1.77600000e-008,2.39999771e-002
,,,-1.77200000e-008,1.19999766e-002
,,,-1.76800000e-008,1.19999766e-002
,,,-1.76400000e-008,1.19999766e-002
,,,-1.76000000e-008,1.19999766e-002
,,,-1.75600000e-008,1.19999766e-002
,,,-1.75200000e-008,1.19999766e-002
,,,-1.74800000e-008,1.19999766e-002
,,,-1.74400000e-008,1.19999766e-002
,,,-1.74000000e-008,1.19999766e-002
,,,-1.73600000e-008,2.39999771e-002
,,,-1.73200000e-008,2.39999771e-002
,,,-1.72800000e-008,2.39999771e-002
,,,-1.72400000e-008,2.39999771e-002
,,,-1.72000000e-008,2.39999771e-002
,,,-1.71600000e-008,1.19999766e-002
,,,-1.71200000e-008,1.19999766e-002
,,,-1.70800000e-008,1.19999766e-002
,,,-1.70400000e-008,1.19999766e-002
,,,-1.70000000e-008,1.19999766e-002
,,,-1.69600000e-008,1.19999766e-002
,,,-1.69200000e-008,1.19999766e-002
,,,-1.68800000e-008,1.19999766e-002
,,,-1.68400000e-008,1.19999766e-002
,,,-1.68000000e-008,-2.38418580e-008
,,,-1.67600000e-008,-2.38418580e-008
,,,-1.67200000e-008,-2.38418580e-008
,,,-1.66800000e-008,-2.38418580e-008
,,,-1.66400000e-008,1.19999766e-002
,,,-1.66000000e-008,1.19999766e-002
,,,-1.65600000e-008,1.19999766e-002
,,,-1.65200000e-008,1.19999766e-002
,,,-1.64800000e-008,1.19999766e-002
,,,-1.64400000e-008,1.19999766e-002
,,,-1.64000000e-008,1.19999766e-002
,,,-1.63600000e-008,2.39999771e-002
,,,-1.63200000e-008,2.39999771e-002
,,,-1.62800000e-008,1.19999766e-002
,,,-1.62400000e-008,1.19999766e-002
,,,-1.62000000e-008,1.19999766e-002
,,,-1.61600000e-008,1.19999766e-002
,,,-1.61200000e-008,1.19999766e-002
,,,-1.60800000e-008,1.19999766e-002
,,,-1.60400000e-008,1.19999766e-002
,,,-1.60000000e-008,1.19999766e-002
,,,-1.59600000e-008,1.19999766e-002
,,,-1.59200000e-008,1.19999766e-002
,,,-1.58800000e-008,1.19999766e-002
,,,-1.58400000e-008,1.19999766e-002
,,,-1.58000000e-008,1.19999766e-002
,,,-1.57600000e-008,1.19999766e-002
,,,-1.57200000e-008,1.19999766e-002
,,,-1.56800000e-008,1.19999766e-002
,,,-1.56400000e-008,1.19999766e-002
,,,-1.56000000e-008,-2.38418580e-008
,,,-1.55600000e-008,-2.38418580e-008
,,,-1.55200000e-008,-1.20000243e-002
,,,-1.54800000e-008,-1.20000243e-002
,,,-1.54400000e-008,-2.38418580e-008
,,,-1.54000000e-008,1.19999766e-002
,,,-1.53600000e-008,1.19999766e-002
,,,-1.53200000e-008,1.19999766e-002
,,,-1.52800000e-008,1.19999766e-002
,,,-1.52400000e-008,-2.38418580e-008
,,,-1.52000000e-008,-2.38418580e-008
,,,-1.51600000e-008,-2.38418580e-008
,,,-1.51200000e-008,-2.38418580e-008
,,,-1.50800000e-008,1.19999766e-002
,,,-1.50400000e-008,1.19999766e-002
,,,-1.50000000e-008,1.19999766e-002
,,,-1.49600000e-008,1.19999766e-002
,,,-1.49200000e-008,1.19999766e-002
,,,-1.48800000e-008,-2.38418580e-008
,,,-1.48400000e-008,-2.38418580e-008
,,,-1.48000000e-008,-2.38418580e-008
,,,-1.47600000e-008,1.19999766e-002
,,,-1.47200000e-008,2.39999771e-002
,,,-1.46800000e-008,2.39999771e-002
,,,-1.46400000e-008,1.19999766e-002
,,,-1.46000000e-008,-2.38418580e-008
,,,-1.45600000e-008,-2.38418580e-008
,,,-1.45200000e-008,-2.38418580e-008
,,,-1.44800000e-008,1.19999766e-002
,,,-1.44400000e-008,1.19999766e-002
,,,-1.44000000e-008,1.19999766e-002
,,,-1.43600000e-008,1.19999766e-002
,,,-1.43200000e-008,-2.38418580e-008
,,,-1.42800000e-008,-2.38418580e-008
,,,-1.42400000e-008,-2.38418580e-008
,,,-1.42000000e-008,1.19999766e-002
,,,-1.41600000e-008,1.19999766e-002
,,,-1.41200000e-008,1.19999766e-002
,,,-1.40800000e-008,-2.38418580e-008
,,,-1.40400000e-008,-2.38418580e-008
,,,-1.40000000e-008,-2.38418580e-008
,,,-1.39600000e-008,1.19999766e-002
,,,-1.39200000e-008,1.19999766e-002
,,,-1.38800000e-008,1.19999766e-002
,,,-1.38400000e-008,-2.38418580e-008
,,,-1.38000000e-008,-1.20000243e-002
,,,-1.37600000e-008,-1.20000243e-002
,,,-1.37200000e-008,-2.38418580e-008
,,,-1.36800000e-008,-2.38418580e-008
,,,-1.36400000e-008,-2.38418580e-008
,,,-1.36000000e-008,-1.20000243e-002
,,,-1.35600000e-008,-1.20000243e-002
,,,-1.35200000e-008,-2.38418580e-008
,,,-1.34800000e-008,-2.38418580e-008
,,,-1.34400000e-008,1.19999766e-002
,,,-1.34000000e-008,2.39999771e-002
,,,-1.33600000e-008,2.39999771e-002
,,,-1.33200000e-008,2.39999771e-002
,,,-1.32800000e-008,2.39999771e-002
,,,-1.32400000e-008,1.19999766e-002
,,,-1.32000000e-008,1.19999766e-002
,,,-1.31600000e-008,1.19999766e-002
,,,-1.31200000e-008,1.19999766e-002
,,,-1.30800000e-008,1.19999766e-002
,,,-1.30400000e-008,1.19999766e-002
,,,-1.30000000e-008,1.19999766e-002
,,,-1.29600000e-008,1.19999766e-002
,,,-1.29200000e-008,1.19999766e-002
,,,-1.28800000e-008,1.19999766e-002
,,,-1.28400000e-008,-2.38418580e-008
,,,-1.28000000e-008,-2.38418580e-008
,,,-1.27600000e-008,-2.38418580e-008
,,,-1.27200000e-008,-2.38418580e-008
,,,-1.26800000e-008,-2.38418580e-008
,,,-1.26400000e-008,1.19999766e-002
,,,-1.26000000e-008,2.39999771e-002
,,,-1.25600000e-008,2.39999771e-002
,,,-1.25200000e-008,2.39999771e-002
,,,-1.24800000e-008,1.19999766e-002
,,,-1.24400000e-008,1.19999766e-002
,,,-1.24000000e-008,1.19999766e-002
,,,-1.23600000e-008,1.19999766e-002
,,,-1.23200000e-008,2.39999771e-002
,,,-1.22800000e-008,2.39999771e-002
,,,-1.22400000e-008,1.19999766e-002
,,,-1.22000000e-008,-2.38418580e-008
,,,-1.21600000e-008,-2.38418580e-008
,,,-1.21200000e-008,-1.20000243e-002
,,,-1.20800000e-008,-2.38418580e-008
,,,-1.20400000e-008,-2.38418580e-008
,,,-1.20000000e-008,-2.38418580e-008
,,,-1.19600000e-008,-2.38418580e-008
,,,-1.19200000e-008,-2.38418580e-008
,,,-1.18800000e-008,1.19999766e-002
,,,-1.18400000e-008,1.19999766e-002
,,,-1.18000000e-008,2.39999771e-002
,,,-1.17600000e-008,3.59999776e-002
,,,-1.17200000e-008,3.59999776e-002
,,,-1.16800000e-008,2.39999771e-002
,,,-1.16400000e-008,1.19999766e-002
,,,-1.16000000e-008,-2.38418580e-008
,,,-1.15600000e-008,-2.38418580e-008
,,,-1.15200000e-008,1.19999766e-002
,,,-1.14800000e-008,1.19999766e-002
,,,-1.14400000e-008,2.39999771e-002
,,,-1.14000000e-008,2.39999771e-002
,,,-1.13600000e-008,1.19999766e-002
,,,-1.13200000e-008,1.19999766e-002
,,,-1.12800000e-008,1.19999766e-002
,,,-1.12400000e-008,1.19999766e-002
,,,-1.12000000e-008,1.19999766e-002
,,,-1.11600000e-008,-2.38418580e-008
,,,-1.11200000e-008,-2.38418580e-008
,,,-1.10800000e-008,-2.38418580e-008
,,,-1.10400000e-008,-2.38418580e-008
,,,-1.10000000e-008,-2.38418580e-008
,,,-1.09600000e-008,-2.38418580e-008
,,,-1.09200000e-008,-2.38418580e-008
,,,-1.08800000e-008,-2.38418580e-008
,,,-1.08400000e-008,-2.38418580e-008
,,,-1.08000000e-008,-2.38418580e-008
,,,-1.07600000e-008,-2.38418580e-008
,,,-1.07200000e-008,-2.38418580e-008
,,,-1.06800000e-008,-2.38418580e-008
,,,-1.06400000e-008,1.19999766e-002
,,,-1.06000000e-008,-2.38418580e-008
,,,-1.05600000e-008,-2.38418580e-008
,,,-1.05200000e-008,-2.38418580e-008
,,,-1.04800000e-008,-2.38418580e-008
,,,-1.04400000e-008,-2.38418580e-008
,,,-1.04000000e-008,1.19999766e-002
,,,-1.03600000e-008,1.19999766e-002
,,,-1.03200000e-008,1.19999766e-002
,,,-1.02800000e-008,2.39999771e-002
,,,-1.02400000e-008,1.19999766e-002
,,,-1.02000000e-008,1.19999766e-002
,,,-1.01600000e-008,1.19999766e-002
,,,-1.01200000e-008,1.19999766e-002
,,,-1.00800000e-008,1.19999766e-002
,,,-1.00400000e-008,1.19999766e-002
,,,-1.00000000e-008,1.19999766e-002
,,,-9.96000000e-009,1.19999766e-002
,,,-9.92000000e-009,1.19999766e-002
,,,-9.88000000e-009,1.19999766e-002
,,,-9.84000000e-009,2.39999771e-002
,,,-9.80000000e-009,2.39999771e-002
,,,-9.76000000e-009,2.39999771e-002
,,,-9.72000000e-009,2.39999771e-002
,,,-9.68000000e-009,2.39999771e-002
,,,-9.64000000e-009,1.19999766e-002
,,,-9.60000000e-009,1.19999766e-002
,,,-9.56000000e-009,1.19999766e-002
,,,-9.52000000e-009,1.19999766e-002
,,,-9.48000000e-009,-2.38418580e-008
,,,-9.44000000e-009,-2.38418580e-008
,,,-9.40000000e-009,-2.38418580e-008
,,,-9.36000000e-009,-2.38418580e-008
,,,-9.32000000e-009,1.19999766e-002
,,,-9.28000000e-009,2.39999771e-002
,,,-9.24000000e-009,2.39999771e-002
,,,-9.20000000e-009,2.39999771e-002
,,,-9.16000000e-009,2.39999771e-002
,,,-9.12000000e-009,1.19999766e-002
,,,-9.08000000e-009,-2.38418580e-008
,,,-9.04000000e-009,-2.38418580e-008
,,,-9.00000000e-009,1.19999766e-002
,,,-8.96000000e-009,2.39999771e-002
,,,-8.92000000e-009,2.39999771e-002
,,,-8.88000000e-009,2.39999771e-002
,,,-8.84000000e-009,1.19999766e-002
,,,-8.80000000e-009,-2.38418580e-008
,,,-8.76000000e-009,-2.38418580e-008
,,,-8.72000000e-009,-2.38418580e-008
,,,-8.68000000e-009,1.19999766e-002
,,,-8.64000000e-009,1.19999766e-002
,,,-8.60000000e-009,2.39999771e-002
,,,-8.56000000e-009,2.39999771e-002
,,,-8.52000000e-009,1.19999766e-002
,,,-8.48000000e-009,1.19999766e-002
,,,-8.44000000e-009,1.19999766e-002
,,,-8.40000000e-009,1.19999766e-002
,,,-8.36000000e-009,1.19999766e-002
,,,-8.32000000e-009,1.19999766e-002
,,,-8.28000000e-009,1.19999766e-002
,,,-8.24000000e-009,1.19999766e-002
,,,-8.20000000e-009,2.39999771e-002
,,,-8.16000000e-009,2.39999771e-002
,,,-8.12000000e-009,2.39999771e-002
,,,-8.08000000e-009,2.39999771e-002
,,,-8.04000000e-009,1.19999766e-002
,,,-8.00000000e-009,1.19999766e-002
,,,-7.96000000e-009,1.19999766e-002
,,,-7.92000000e-009,1.19999766e-002
,,,-7.88000000e-009,1.19999766e-002
,,,-7.84000000e-009,1.19999766e-002
,,,-7.80000000e-009,1.19999766e-002
,,,-7.76000000e-009,1.19999766e-002
,,,-7.72000000e-009,1.19999766e-002
,,,-7.68000000e-009,-2.38418580e-008
,,,-7.64000000e-009,1.19999766e-002
,,,-7.60000000e-009,1.19999766e-002
,,,-7.56000000e-009,1.19999766e-002
,,,-7.52000000e-009,1.19999766e-002
,,,-7.48000000e-009,1.19999766e-002
,,,-7.44000000e-009,1.19999766e-002
,,,-7.40000000e-009,-2.38418580e-008
,,,-7.36000000e-009,-2.38418580e-008
,,,-7.32000000e-009,-2.38418580e-008
,,,-7.28000000e-009,-2.38418580e-008
,,,-7.24000000e-009,-2.38418580e-008
,,,-7.20000000e-009,-2.38418580e-008
,,,-7.16000000e-009,1.19999766e-002
,,,-7.12000000e-009,1.19999766e-002
,,,-7.08000000e-009,1.19999766e-002
,,,-7.04000000e-009,1.19999766e-002
,,,-7.00000000e-009,1.19999766e-002
,,,-6.96000000e-009,1.19999766e-002
,,,-6.92000000e-009,1.19999766e-002
,,,-6.88000000e-009,1.19999766e-002
,,,-6.84000000e-009,1.19999766e-002
,,,-6.80000000e-009,-2.38418580e-008
,,,-6.76000000e-009,-2.38418580e-008
,,,-6.72000000e-009,-2.38418580e-008
,,,-6.68000000e-009,1.19999766e-002
,,,-6.64000000e-009,1.19999766e-002
,,,-6.60000000e-009,1.19999766e-002
,,,-6.56000000e-009,1.19999766e-002
,,,-6.52000000e-009,-2.38418580e-008
,,,-6.48000000e-009,-2.38418580e-008
,,,-6.44000000e-009,-2.38418580e-008
,,,-6.40000000e-009,-2.38418580e-008
,,,-6.36000000e-009,-2.38418580e-008
,,,-6.32000000e-009,-2.38418580e-008
,,,-6.28000000e-009,1.19999766e-002
,,,-6.24000000e-009,1.19999766e-002
,,,-6.20000000e-009,1.19999766e-002
,,,-6.16000000e-009,2.39999771e-002
,,,-6.12000000e-009,1.19999766e-002
,,,-6.08000000e-009,1.19999766e-002
,,,-6.04000000e-009,1.19999766e-002
,,,-6.00000000e-009,1.19999766e-002
,,,-5.96000000e-009,1.19999766e-002
,,,-5.92000000e-009,1.19999766e-002
,,,-5.88000000e-009,1.19999766e-002
,,,-5.84000000e-009,1.19999766e-002
,,,-5.80000000e-009,-2.38418580e-008
,,,-5.76000000e-009,-2.38418580e-008
,,,-5.72000000e-009,1.19999766e-002
,,,-5.68000000e-009,2.39999771e-002
,,,-5.64000000e-009,2.39999771e-002
,,,-5.60000000e-009,2.39999771e-002
,,,-5.56000000e-009,1.19999766e-002
,,,-5.52000000e-009,1.19999766e-002
,,,-5.48000000e-009,1.19999766e-002
,,,-5.44000000e-009,1.19999766e-002
,,,-5.40000000e-009,2.39999771e-002
,,,-5.36000000e-009,2.39999771e-002
,,,-5.32000000e-009,2.39999771e-002
,,,-5.28000000e-009,1.19999766e-002
,,,-5.24000000e-009,1.19999766e-002
,,,-5.20000000e-009,1.19999766e-002
,,,-5.16000000e-009,2.39999771e-002
,,,-5.12000000e-009,2.39999771e-002
,,,-5.08000000e-009,2.39999771e-002
,,,-5.04000000e-009,1.19999766e-002
,,,-5.00000000e-009,1.19999766e-002
,,,-4.96000000e-009,1.19999766e-002
,,,-4.92000000e-009,1.19999766e-002
,,,-4.88000000e-009,1.19999766e-002
,,,-4.84000000e-009,1.19999766e-002
,,,-4.80000000e-009,1.19999766e-002
,,,-4.76000000e-009,2.39999771e-002
,,,-4.72000000e-009,2.39999771e-002
,,,-4.68000000e-009,2.39999771e-002
,,,-4.64000000e-009,1.19999766e-002
,,,-4.60000000e-009,-2.38418580e-008
,,,-4.56000000e-009,-2.38418580e-008
,,,-4.52000000e-009,-2.38418580e-008
,,,-4.48000000e-009,1.19999766e-002
,,,-4.44000000e-009,2.39999771e-002
,,,-4.40000000e-009,1.19999766e-002
,,,-4.36000000e-009,-2.38418580e-008
,,,-4.32000000e-009,-1.20000243e-002
,,,-4.28000000e-009,-2.38418580e-008
,,,-4.24000000e-009,1.19999766e-002
,,,-4.20000000e-009,2.39999771e-002
,,,-4.16000000e-009,2.39999771e-002
,,,-4.12000000e-009,1.19999766e-002
,,,-4.08000000e-009,-2.38418580e-008
,,,-4.04000000e-009,-2.38418580e-008
,,,-4.00000000e-009,-2.38418580e-008
,,,-3.96000000e-009,1.19999766e-002
,,,-3.92000000e-009,2.39999771e-002
,,,-3.88000000e-009,2.39999771e-002
,,,-3.84000000e-009,1.19999766e-002
,,,-3.80000000e-009,1.19999766e-002
,,,-3.76000000e-009,-2.38418580e-008
,,,-3.72000000e-009,-2.38418580e-008
,,,-3.68000000e-009,-2.38418580e-008
,,,-3.64000000e-009,-2.38418580e-008
,,,-3.60000000e-009,-1.20000243e-002
,,,-3.56000000e-009,-2.38418580e-008
,,,-3.52000000e-009,-2.38418580e-008
,,,-3.48000000e-009,1.19999766e-002
,,,-3.44000000e-009,1.19999766e-002
,,,-3.40000000e-009,1.19999766e-002
,,,-3.36000000e-009,-2.38418580e-008
,,,-3.32000000e-009,-1.20000243e-002
,,,-3.28000000e-009,-2.38418580e-008
,,,-3.24000000e-009,1.19999766e-002
,,,-3.20000000e-009,2.39999771e-002
,,,-3.16000000e-009,2.39999771e-002
,,,-3.12000000e-009,2.39999771e-002
,,,-3.08000000e-009,1.19999766e-002
,,,-3.04000000e-009,1.19999766e-002
,,,-3.00000000e-009,2.39999771e-002
,,,-2.96000000e-009,2.39999771e-002
,,,-2.92000000e-009,1.19999766e-002
,,,-2.88000000e-009,1.19999766e-002
,,,-2.84000000e-009,-2.38418580e-008
,,,-2.80000000e-009,-2.38418580e-008
,,,-2.76000000e-009,-2.38418580e-008
,,,-2.72000000e-009,-2.38418580e-008
,,,-2.68000000e-009,-2.38418580e-008
,,,-2.64000000e-009,-2.38418580e-008
,,,-2.60000000e-009,-2.38418580e-008
,,,-2.56000000e-009,-2.38418580e-008
,,,-2.52000000e-009,1.19999766e-002
,,,-2.48000000e-009,2.39999771e-002
,,,-2.44000000e-009,2.39999771e-002
,,,-2.40000000e-009,1.19999766e-002
,,,-2.36000000e-009,1.19999766e-002
,,,-2.32000000e-009,1.19999766e-002
,,,-2.28000000e-009,1.19999766e-002
,,,-2.24000000e-009,1.19999766e-002
,,,-2.20000000e-009,1.19999766e-002
,,,-2.16000000e-009,1.19999766e-002
,,,-2.12000000e-009,1.19999766e-002
,,,-2.08000000e-009,1.19999766e-002
,,,-2.04000000e-009,-2.38418580e-008
,,,-2.00000000e-009,-2.38418580e-008
,,,-1.96000000e-009,-2.38418580e-008
,,,-1.92000000e-009,-2.38418580e-008
,,,-1.88000000e-009,1.19999766e-002
,,,-1.84000000e-009,1.19999766e-002
,,,-1.80000000e-009,2.39999771e-002
,,,-1.76000000e-009,2.39999771e-002
,,,-1.72000000e-009,2.39999771e-002
,,,-1.68000000e-009,1.19999766e-002
,,,-1.64000000e-009,1.19999766e-002
,,,-1.60000000e-009,1.19999766e-002
,,,-1.56000000e-009,1.19999766e-002
,,,-1.52000000e-009,1.19999766e-002
,,,-1.48000000e-009,1.19999766e-002
,,,-1.44000000e-009,1.19999766e-002
,,,-1.40000000e-009,2.39999771e-002
,,,-1.36000000e-009,2.39999771e-002
,,,-1.32000000e-009,3.59999776e-002
,,,-1.28000000e-009,3.59999776e-002
,,,-1.24000000e-009,3.59999776e-002
,,,-1.20000000e-009,2.39999771e-002
,,,-1.16000000e-009,2.39999771e-002
,,,-1.12000000e-009,2.39999771e-002
,,,-1.08000000e-009,3.59999776e-002
,,,-1.04000000e-009,4.79999781e-002
,,,-1.00000000e-009,5.99999785e-002
,,,-9.60000000e-010,7.19999790e-002
,,,-9.20000000e-010,7.19999790e-002
,,,-8.80000000e-010,8.39999795e-002
,,,-8.40000000e-010,8.39999795e-002
,,,-8.00000000e-010,8.39999795e-002
,,,-7.60000000e-010,9.59999800e-002
,,,-7.20000000e-010,9.59999800e-002
,,,-6.80000000e-010,9.59999800e-002
,,,-6.40000000e-010,1.07999980e-001
,,,-6.00000000e-010,1.31999981e-001
,,,-5.60000000e-010,1.43999982e-001
,,,-5.20000000e-010,1.67999983e-001
,,,-4.80000000e-010,1.79999983e-001
,,,-4.40000000e-010,1.91999984e-001
,,,-4.00000000e-010,1.91999984e-001
,,,-3.60000000e-010,2.15999985e-001
,,,-3.20000000e-010,2.27999985e-001
,,,-2.80000000e-010,2.51999986e-001
,,,-2.40000000e-010,2.75999987e-001
,,,-2.00000000e-010,2.87999988e-001
,,,-1.60000000e-010,2.99999988e-001
,,,-1.20000000e-010,3.11999989e-001
,,,-8.00000000e-011,3.23999989e-001
,,,-4.00000000e-011,3.47999990e-001
,,,0.00000000e+000,3.71999991e-001
,,,4.00000000e-011,3.95999992e-001
,,,8.00000000e-011,4.07999992e-001
,,,1.20000000e-010,4.31999993e-001
,,,1.60000000e-010,4.55999994e-001
,,,2.00000000e-010,4.79999995e-001
,,,2.40000000e-010,5.15999997e-001
,,,2.80000000e-010,5.39999998e-001
,,,3.20000000e-010,5.51999998e-001
,,,3.60000000e-010,5.63999999e-001
,,,4.00000000e-010,5.75999999e-001
,,,4.40000000e-010,5.88000000e-001
,,,4.80000000e-010,6.24000001e-001
,,,5.20000000e-010,6.60000002e-001
,,,5.60000000e-010,6.84000003e-001
,,,6.00000000e-010,7.08000004e-001
,,,6.40000000e-010,7.32000005e-001
,,,6.80000000e-010,7.56000006e-001
,,,7.20000000e-010,7.80000007e-001
,,,7.60000000e-010,8.04000008e-001
,,,8.00000000e-010,8.28000009e-001
,,,8.40000000e-010,8.52000010e-001
,,,8.80000000e-010,8.64000010e-001
,,,9.20000000e-010,8.88000011e-001
,,,9.60000000e-010,9.12000012e-001
,,,1.00000000e-009,9.36000013e-001
,,,1.04000000e-009,9.72000015e-001
,,,1.08000000e-009,1.00800002e+000
,,,1.12000000e-009,1.02000002e+000
,,,1.16000000e-009,1.04400002e+000
,,,1.20000000e-009,1.06800002e+000
,,,1.24000000e-009,1.09200002e+000
,,,1.28000000e-009,1.12800002e+000
,,,1.32000000e-009,1.17600002e+000
,,,1.36000000e-009,1.20000002e+000
,,,1.40000000e-009,1.21200002e+000
,,,1.44000000e-009,1.22400002e+000
,,,1.48000000e-009,1.24800003e+000
,,,1.52000000e-009,1.27200003e+000
,,,1.56000000e-009,1.30800003e+000
,,,1.60000000e-009,1.34400003e+000
,,,1.64000000e-009,1.36800003e+000
,,,1.68000000e-009,1.40400003e+000
,,,1.72000000e-009,1.42800003e+000
,,,1.76000000e-009,1.45200003e+000
,,,1.80000000e-009,1.47600003e+000
,,,1.84000000e-009,1.48800004e+000
,,,1.88000000e-009,1.51200004e+000
,,,1.92000000e-009,1.53600004e+000
,,,1.96000000e-009,1.56000004e+000
,,,2.00000000e-009,1.59600004e+000
,,,2.04000000e-009,1.62000004e+000
,,,2.08000000e-009,1.63200004e+000
,,,2.12000000e-009,1.65600004e+000
,,,2.16000000e-009,1.68000004e+000
,,,2.20000000e-009,1.70400004e+000
,,,2.24000000e-009,1.74000005e+000
,,,2.28000000e-009,1.76400005e+000
,,,2.32000000e-009,1.78800005e+000
,,,2.36000000e-009,1.80000005e+000
,,,2.40000000e-009,1.82400005e+000
,,,2.44000000e-009,1.83600005e+000
,,,2.48000000e-009,1.86000005e+000
,,,2.52000000e-009,1.89600005e+000
,,,2.56000000e-009,1.92000005e+000
,,,2.60000000e-009,1.94400005e+000
,,,2.64000000e-009,1.96800005e+000
,,,2.68000000e-009,1.99200006e+000
,,,2.72000000e-009,2.00400006e+000
,,,2.76000000e-009,2.02800006e+000
,,,2.80000000e-009,2.05200006e+000
,,,2.84000000e-009,2.06400006e+000
,,,2.88000000e-009,2.06400006e+000
,,,2.92000000e-009,2.07600006e+000
,,,2.96000000e-009,2.08800006e+000
,,,3.00000000e-009,2.10000006e+000
,,,3.04000000e-009,2.12400006e+000
,,,3.08000000e-009,2.14800006e+000
,,,3.12000000e-009,2.16000006e+000
,,,3.16000000e-009,2.17200006e+000
,,,3.20000000e-009,2.18400006e+000
,,,3.24000000e-009,2.20800006e+000
,,,3.28000000e-009,2.23200006e+000
,,,3.32000000e-009,2.24400007e+000
,,,3.36000000e-009,2.26800007e+000
,,,3.40000000e-009,2.26800007e+000
,,,3.44000000e-009,2.25600007e+000
,,,3.48000000e-009,2.25600007e+000
,,,3.52000000e-009,2.25600007e+000
,,,3.56000000e-009,2.28000007e+000
,,,3.60000000e-009,2.30400007e+000
,,,3.64000000e-009,2.32800007e+000
,,,3.68000000e-009,2.34000007e+000
,,,3.72000000e-009,2.34000007e+000
,,,3.76000000e-009,2.34000007e+000
,,,3.80000000e-009,2.34000007e+000
,,,3.84000000e-009,2.35200007e+000
,,,3.88000000e-009,2.36400007e+000
,,,3.92000000e-009,2.36400007e+000
,,,3.96000000e-009,2.36400007e+000
,,,4.00000000e-009,2.36400007e+000
,,,4.04000000e-009,2.36400007e+000
,,,4.08000000e-009,2.36400007e+000
,,,4.12000000e-009,2.37600007e+000
,,,4.16000000e-009,2.37600007e+000
,,,4.20000000e-009,2.37600007e+000
,,,4.24000000e-009,2.37600007e+000
,,,4.28000000e-009,2.37600007e+000
,,,4.32000000e-009,2.37600007e+000
,,,4.36000000e-009,2.37600007e+000
,,,4.40000000e-009,2.37600007e+000
,,,4.44000000e-009,2.37600007e+000
,,,4.48000000e-009,2.37600007e+000
,,,4.52000000e-009,2.37600007e+000
,,,4.56000000e-009,2.37600007e+000
,,,4.60000000e-009,2.38800007e+000
,,,4.64000000e-009,2.38800007e+000
,,,4.68000000e-009,2.38800007e+000
,,,4.72000000e-009,2.38800007e+000
,,,4.76000000e-009,2.38800007e+000
,,,4.80000000e-009,2.38800007e+000
,,,4.84000000e-009,2.38800007e+000
,,,4.88000000e-009,2.38800007e+000
,,,4.92000000e-009,2.37600007e+000
,,,4.96000000e-009,2.37600007e+000
,,,5.00000000e-009,2.37600007e+000
,,,5.04000000e-009,2.38800007e+000
,,,5.08000000e-009,2.38800007e+000
,,,5.12000000e-009,2.38800007e+000
,,,5.16000000e-009,2.38800007e+000
,,,5.20000000e-009,2.38800007e+000
,,,5.24000000e-009,2.38800007e+000
,,,5.28000000e-009,2.37600007e+000
,,,5.32000000e-009,2.37600007e+000
,,,5.36000000e-009,2.38800007e+000
,,,5.40000000e-009,2.40000007e+000
,,,5.44000000e-009,2.40000007e+000
,,,5.48000000e-009,2.40000007e+000
,,,5.52000000e-009,2.40000007e+000
,,,5.56000000e-009,2.40000007e+000
,,,5.60000000e-009,2.41200007e+000
,,,5.64000000e-009,2.41200007e+000
,,,5.68000000e-009,2.42400007e+000
,,,5.72000000e-009,2.41200007e+000
,,,5.76000000e-009,2.41200007e+000
,,,5.80000000e-009,2.41200007e+000
,,,5.84000000e-009,2.41200007e+000
,,,5.88000000e-009,2.42400007e+000
,,,5.92000000e-009,2.42400007e+000
,,,5.96000000e-009,2.42400007e+000
,,,6.00000000e-009,2.41200007e+000
,,,6.04000000e-009,2.41200007e+000
,,,6.08000000e-009,2.41200007e+000
,,,6.12000000e-009,2.41200007e+000
,,,6.16000000e-009,2.42400007e+000
,,,6.20000000e-009,2.42400007e+000
,,,6.24000000e-009,2.42400007e+000
,,,6.28000000e-009,2.41200007e+000
,,,6.32000000e-009,2.40000007e+000
,,,6.36000000e-009,2.40000007e+000
,,,6.40000000e-009,2.41200007e+000
,,,6.44000000e-009,2.42400007e+000
,,,6.48000000e-009,2.41200007e+000
,,,6.52000000e-009,2.41200007e+000
,,,6.56000000e-009,2.40000007e+000
,,,6.60000000e-009,2.40000007e+000
,,,6.64000000e-009,2.40000007e+000
,,,6.68000000e-009,2.41200007e+000
,,,6.72000000e-009,2.41200007e+000
,,,6.76000000e-009,2.41200007e+000
,,,6.80000000e-009,2.41200007e+000
,,,6.84000000e-009,2.40000007e+000
,,,6.88000000e-009,2.40000007e+000
,,,6.92000000e-009,2.40000007e+000
,,,6.96000000e-009,2.38800007e+000
,,,7.00000000e-009,2.38800007e+000
,,,7.04000000e-009,2.40000007e+000
,,,7.08000000e-009,2.40000007e+000
,,,7.12000000e-009,2.41200007e+000
,,,7.16000000e-009,2.42400007e+000
,,,7.20000000e-009,2.42400007e+000
,,,7.24000000e-009,2.41200007e+000
,,,7.28000000e-009,2.40000007e+000
,,,7.32000000e-009,2.38800007e+000
,,,7.36000000e-009,2.38800007e+000
,,,7.40000000e-009,2.38800007e+000
,,,7.44000000e-009,2.38800007e+000
,,,7.48000000e-009,2.37600007e+000
,,,7.52000000e-009,2.37600007e+000
,,,7.56000000e-009,2.37600007e+000
,,,7.60000000e-009,2.38800007e+000
,,,7.64000000e-009,2.38800007e+000
,,,7.68000000e-009,2.38800007e+000
,,,7.72000000e-009,2.37600007e+000
,,,7.76000000e-009,2.36400007e+000
,,,7.80000000e-009,2.36400007e+000
,,,7.84000000e-009,2.36400007e+000
,,,7.88000000e-009,2.36400007e+000
,,,7.92000000e-009,2.35200007e+000
,,,7.96000000e-009,2.32800007e+000
,,,8.00000000e-009,2.31600007e+000
,,,8.04000000e-009,2.30400007e+000
,,,8.08000000e-009,2.29200007e+000
,,,8.12000000e-009,2.29200007e+000
,,,8.16000000e-009,2.29200007e+000
,,,8.20000000e-009,2.28000007e+000
,,,8.24000000e-009,2.25600007e+000
,,,8.28000000e-009,2.24400007e+000
,,,8.32000000e-009,2.23200006e+000
,,,8.36000000e-009,2.20800006e+000
,,,8.40000000e-009,2.19600006e+000
,,,8.44000000e-009,2.18400006e+000
,,,8.48000000e-009,2.16000006e+000
,,,8.52000000e-009,2.14800006e+000
,,,8.56000000e-009,2.14800006e+000
,,,8.60000000e-009,2.13600006e+000
,,,8.64000000e-009,2.11200006e+000
,,,8.68000000e-009,2.10000006e+000
,,,8.72000000e-009,2.07600006e+000
,,,8.76000000e-009,2.05200006e+000
,,,8.80000000e-009,2.04000006e+000
,,,8.84000000e-009,2.02800006e+000
,,,8.88000000e-009,2.01600006e+000
,,,8.92000000e-009,2.00400006e+000
,,,8.96000000e-009,1.98000005e+000
,,,9.00000000e-009,1.95600005e+000
,,,9.04000000e-009,1.94400005e+000
,,,9.08000000e-009,1.92000005e+000
,,,9.12000000e-009,1.90800005e+000
,,,9.16000000e-009,1.89600005e+000
,,,9.20000000e-009,1.88400005e+000
,,,9.24000000e-009,1.86000005e+000
,,,9.28000000e-009,1.83600005e+000
,,,9.32000000e-009,1.81200005e+000
,,,9.36000000e-009,1.78800005e+000
,,,9.40000000e-009,1.76400005e+000
,,,9.44000000e-009,1.75200005e+000
,,,9.48000000e-009,1.72800004e+000
,,,9.52000000e-009,1.71600004e+000
,,,9.56000000e-009,1.69200004e+000
,,,9.60000000e-009,1.66800004e+000
,,,9.64000000e-009,1.64400004e+000
,,,9.68000000e-009,1.62000004e+000
,,,9.72000000e-009,1.59600004e+000
,,,9.76000000e-009,1.57200004e+000
,,,9.80000000e-009,1.56000004e+000
,,,9.84000000e-009,1.53600004e+000
,,,9.88000000e-009,1.51200004e+000
,,,9.92000000e-009,1.48800004e+000
,,,9.96000000e-009,1.46400003e+000
,,,1.00000000e-008,1.42800003e+000
,,,1.00400000e-008,1.40400003e+000
,,,1.00800000e-008,1.38000003e+000
,,,1.01200000e-008,1.35600003e+000
,,,1.01600000e-008,1.33200003e+000
,,,1.02000000e-008,1.30800003e+000
,,,1.02400000e-008,1.28400003e+000
,,,1.02800000e-008,1.27200003e+000
,,,1.03200000e-008,1.26000003e+000
,,,1.03600000e-008,1.23600003e+000
,,,1.04000000e-008,1.20000002e+000
,,,1.04400000e-008,1.17600002e+000
,,,1.04800000e-008,1.15200002e+000
,,,1.05200000e-008,1.12800002e+000
,,,1.05600000e-008,1.10400002e+000
,,,1.06000000e-008,1.08000002e+000
,,,1.06400000e-008,1.06800002e+000
,,,1.06800000e-008,1.04400002e+000
,,,1.07200000e-008,1.02000002e+000
,,,1.07600000e-008,1.00800002e+000
,,,1.08000000e-008,9.84000015e-001
,,,1.08400000e-008,9.48000014e-001
,,,1.08800000e-008,9.24000013e-001
,,,1.09200000e-008,9.00000012e-001
,,,1.09600000e-008,8.76000011e-001
,,,1.10000000e-008,8.64000010e-001
,,,1.10400000e-008,8.40000010e-001
,,,1.10800000e-008,8.16000009e-001
,,,1.11200000e-008,7.92000008e-001
,,,1.11600000e-008,7.68000007e-001
,,,1.12000000e-008,7.56000006e-001
,,,1.12400000e-008,7.44000006e-001
,,,1.12800000e-008,7.20000005e-001
,,,1.13200000e-008,7.08000004e-001
,,,1.13600000e-008,6.72000003e-001
,,,1.14000000e-008,6.48000002e-001
,,,1.14400000e-008,6.36000001e-001
,,,1.14800000e-008,6.24000001e-001
,,,1.15200000e-008,6.12000000e-001
,,,1.15600000e-008,5.88000000e-001
,,,1.16000000e-008,5.63999999e-001
,,,1.16400000e-008,5.27999997e-001
,,,1.16800000e-008,5.03999996e-001
,,,1.17200000e-008,4.91999996e-001
,,,1.17600000e-008,4.79999995e-001
,,,1.18000000e-008,4.67999995e-001
,,,1.18400000e-008,4.43999994e-001
,,,1.18800000e-008,4.19999993e-001
,,,1.19200000e-008,3.95999992e-001
,,,1.19600000e-008,3.83999991e-001
,,,1.20000000e-008,3.71999991e-001
,,,1.20400000e-008,3.59999990e-001
,,,1.20800000e-008,3.35999990e-001
,,,1.21200000e-008,3.23999989e-001
,,,1.21600000e-008,2.99999988e-001
,,,1.22000000e-008,2.87999988e-001
,,,1.22400000e-008,2.75999987e-001
,,,1.22800000e-008,2.63999987e-001
,,,1.23200000e-008,2.51999986e-001
,,,1.23600000e-008,2.39999986e-001
,,,1.24000000e-008,2.15999985e-001
,,,1.24400000e-008,2.03999984e-001
,,,1.24800000e-008,1.91999984e-001
,,,1.25200000e-008,1.79999983e-001
,,,1.25600000e-008,1.67999983e-001
,,,1.26000000e-008,1.55999982e-001
,,,1.26400000e-008,1.43999982e-001
,,,1.26800000e-008,1.31999981e-001
,,,1.27200000e-008,1.31999981e-001
,,,1.27600000e-008,1.31999981e-001
,,,1.28000000e-008,1.07999980e-001
,,,1.28400000e-008,9.59999800e-002
,,,1.28800000e-008,8.39999795e-002
,,,1.29200000e-008,7.19999790e-002
,,,1.29600000e-008,7.19999790e-002
,,,1.30000000e-008,8.39999795e-002
,,,1.30400000e-008,8.39999795e-002
,,,1.30800000e-008,7.19999790e-002
,,,1.31200000e-008,5.99999785e-002
,,,1.31600000e-008,4.79999781e-002
,,,1.32000000e-008,4.79999781e-002
,,,1.32400000e-008,4.79999781e-002
,,,1.32800000e-008,4.79999781e-002
,,,1.33200000e-008,4.79999781e-002
,,,1.33600000e-008,3.59999776e-002
,,,1.34000000e-008,2.39999771e-002
,,,1.34400000e-008,2.39999771e-002
,,,1.34800000e-008,2.39999771e-002
,,,1.35200000e-008,2.39999771e-002
,,,1.35600000e-008,2.39999771e-002
,,,1.36000000e-008,1.19999766e-002
,,,1.36400000e-008,1.19999766e-002
,,,1.36800000e-008,-2.38418580e-008
,,,1.37200000e-008,-2.38418580e-008
,,,1.37600000e-008,-2.38418580e-008
,,,1.38000000e-008,1.19999766e-002
,,,1.38400000e-008,1.19999766e-002
,,,1.38800000e-008,2.39999771e-002
,,,1.39200000e-008,1.19999766e-002
,,,1.39600000e-008,1.19999766e-002
,,,1.40000000e-008,-2.38418580e-008
,,,1.40400000e-008,-2.38418580e-008
,,,1.40800000e-008,1.19999766e-002
,,,1.41200000e-008,1.19999766e-002
,,,1.41600000e-008,1.19999766e-002
,,,1.42000000e-008,1.19999766e-002
,,,1.42400000e-008,1.19999766e-002
,,,1.42800000e-008,1.19999766e-002
,,,1.43200000e-008,1.19999766e-002
,,,1.43600000e-008,2.39999771e-002
,,,1.44000000e-008,2.39999771e-002
,,,1.44400000e-008,2.39999771e-002
,,,1.44800000e-008,2.39999771e-002
,,,1.45200000e-008,1.19999766e-002
,,,1.45600000e-008,-2.38418580e-008
,,,1.46000000e-008,-2.38418580e-008
,,,1.46400000e-008,-2.38418580e-008
,,,1.46800000e-008,-2.38418580e-008
,,,1.47200000e-008,1.19999766e-002
,,,1.47600000e-008,1.19999766e-002
,,,1.48000000e-008,1.19999766e-002
,,,1.48400000e-008,1.19999766e-002
,,,1.48800000e-008,-2.38418580e-008
,,,1.49200000e-008,-2.38418580e-008
,,,1.49600000e-008,-2.38418580e-008
,,,1.50000000e-008,-2.38418580e-008
,,,1.50400000e-008,-2.38418580e-008
,,,1.50800000e-008,-2.38418580e-008
,,,1.51200000e-008,-2.38418580e-008
,,,1.51600000e-008,-1.20000243e-002
,,,1.52000000e-008,-1.20000243e-002
,,,1.52400000e-008,-2.38418580e-008
,,,1.52800000e-008,-2.38418580e-008
,,,1.53200000e-008,-2.38418580e-008
,,,1.53600000e-008,-2.38418580e-008
,,,1.54000000e-008,-2.38418580e-008
,,,1.54400000e-008,-1.20000243e-002
,,,1.54800000e-008,-1.20000243e-002
,,,1.55200000e-008,-1.20000243e-002
,,,1.55600000e-008,-1.20000243e-002
,,,1.56000000e-008,-1.20000243e-002
,,,1.56400000e-008,-1.20000243e-002
,,,1.56800000e-008,-2.38418580e-008
,,,1.57200000e-008,-2.38418580e-008
,,,1.57600000e-008,1.19999766e-002
,,,1.58000000e-008,1.19999766e-002
,,,1.58400000e-008,-2.38418580e-008
,,,1.58800000e-008,-2.40000248e-002
,,,1.59200000e-008,-2.40000248e-002
,,,1.59600000e-008,-2.40000248e-002
,,,1.60000000e-008,-1.20000243e-002
,,,1.60400000e-008,-2.38418580e-008
,,,1.60800000e-008,-2.38418580e-008
,,,1.61200000e-008,-2.38418580e-008
,,,1.61600000e-008,-2.38418580e-008
,,,1.62000000e-008,-1.20000243e-002
,,,1.62400000e-008,-1.20000243e-002
,,,1.62800000e-008,-2.38418580e-008
,,,1.63200000e-008,-2.38418580e-008
,,,1.63600000e-008,-2.38418580e-008
,,,1.64000000e-008,-2.38418580e-008
,,,1.64400000e-008,-1.20000243e-002
,,,1.64800000e-008,-1.20000243e-002
,,,1.65200000e-008,-1.20000243e-002
,,,1.65600000e-008,-1.20000243e-002
,,,1.66000000e-008,-1.20000243e-002
,,,1.66400000e-008,-1.20000243e-002
,,,1.66800000e-008,-1.20000243e-002
,,,1.67200000e-008,-2.38418580e-008
,,,1.67600000e-008,-2.38418580e-008
,,,1.68000000e-008,1.19999766e-002
,,,1.68400000e-008,1.19999766e-002
,,,1.68800000e-008,1.19999766e-002
,,,1.69200000e-008,-2.38418580e-008
,,,1.69600000e-008,-2.38418580e-008
,,,1.70000000e-008,-2.38418580e-008
,,,1.70400000e-008,-2.38418580e-008
,,,1.70800000e-008,1.19999766e-002
,,,1.71200000e-008,1.19999766e-002
,,,1.71600000e-008,1.19999766e-002
,,,1.72000000e-008,1.19999766e-002
,,,1.72400000e-008,1.19999766e-002
,,,1.72800000e-008,1.19999766e-002
,,,1.73200000e-008,1.19999766e-002
,,,1.73600000e-008,1.19999766e-002
,,,1.74000000e-008,1.19999766e-002
,,,1.74400000e-008,1.19999766e-002
,,,1.74800000e-008,1.19999766e-002
,,,1.75200000e-008,1.19999766e-002
,,,1.75600000e-008,2.39999771e-002
,,,1.76000000e-008,3.59999776e-002
,,,1.76400000e-008,3.59999776e-002
,,,1.76800000e-008,2.39999771e-002
,,,1.77200000e-008,2.39999771e-002
,,,1.77600000e-008,2.39999771e-002
,,,1.78000000e-008,2.39999771e-002
,,,1.78400000e-008,3.59999776e-002
,,,1.78800000e-008,3.59999776e-002
,,,1.79200000e-008,3.59999776e-002
,,,1.79600000e-008,2.39999771e-002
,,,1.80000000e-008,1.19999766e-002
,,,1.80400000e-008,2.39999771e-002
,,,1.80800000e-008,3.59999776e-002
,,,1.81200000e-008,3.59999776e-002
,,,1.81600000e-008,4.79999781e-002
,,,1.82000000e-008,3.59999776e-002
,,,1.82400000e-008,2.39999771e-002
,,,1.82800000e-008,2.39999771e-002
,,,1.83200000e-008,2.39999771e-002
,,,1.83600000e-008,3.59999776e-002
,,,1.84000000e-008,3.59999776e-002
,,,1.84400000e-008,4.79999781e-002
,,,1.84800000e-008,4.79999781e-002
,,,1.85200000e-008,4.79999781e-002
,,,1.85600000e-008,3.59999776e-002
,,,1.86000000e-008,3.59999776e-002
,,,1.86400000e-008,3.59999776e-002
,,,1.86800000e-008,2.39999771e-002
,,,1.87200000e-008,3.59999776e-002
,,,1.87600000e-008,3.59999776e-002
,,,1.88000000e-008,3.59999776e-002
,,,1.88400000e-008,4.79999781e-002
,,,1.88800000e-008,4.79999781e-002
,,,1.89200000e-008,4.79999781e-002
,,,1.89600000e-008,4.79999781e-002
,,,1.90000000e-008,4.79999781e-002
,,,1.90400000e-008,4.79999781e-002
,,,1.90800000e-008,4.79999781e-002
,,,1.91200000e-008,4.79999781e-002
,,,1.91600000e-008,3.59999776e-002
,,,1.92000000e-008,3.59999776e-002
,,,1.92400000e-008,3.59999776e-002
,,,1.92800000e-008,4.79999781e-002
,,,1.93200000e-008,5.99999785e-002
,,,1.93600000e-008,5.99999785e-002
,,,1.94000000e-008,5.99999785e-002
,,,1.94400000e-008,4.79999781e-002
,,,1.94800000e-008,4.79999781e-002
,,,1.95200000e-008,4.79999781e-002
,,,1.95600000e-008,4.79999781e-002
,,,1.96000000e-008,5.99999785e-002
,,,1.96400000e-008,5.99999785e-002
,,,1.96800000e-008,5.99999785e-002
,,,1.97200000e-008,5.99999785e-002
,,,1.97600000e-008,5.99999785e-002
,,,1.98000000e-008,5.99999785e-002
,,,1.98400000e-008,4.79999781e-002
,,,1.98800000e-008,4.79999781e-002
,,,1.99200000e-008,5.99999785e-002
,,,1.99600000e-008,5.99999785e-002
,,,2.00000000e-008,5.99999785e-002
,,,2.00400000e-008,4.79999781e-002
,,,2.00800000e-008,4.79999781e-002
,,,2.01200000e-008,3.59999776e-002
,,,2.01600000e-008,3.59999776e-002
,,,2.02000000e-008,4.79999781e-002
,,,2.02400000e-008,4.79999781e-002
,,,2.02800000e-008,5.99999785e-002
,,,2.03200000e-008,4.79999781e-002
,,,2.03600000e-008,4.79999781e-002
,,,2.04000000e-008,4.79999781e-002
,,,2.04400000e-008,4.79999781e-002
,,,2.04800000e-008,4.79999781e-002
,,,2.05200000e-008,4.79999781e-002
,,,2.05600000e-008,4.79999781e-002
,,,2.06000000e-008,4.79999781e-002
,,,2.06400000e-008,4.79999781e-002
,,,2.06800000e-008,4.79999781e-002
,,,2.07200000e-008,4.79999781e-002
,,,2.07600000e-008,4.79999781e-002
,,,2.08000000e-008,4.79999781e-002
,,,2.08400000e-008,4.79999781e-002
,,,2.08800000e-008,5.99999785e-002
,,,2.09200000e-008,5.99999785e-002
,,,2.09600000e-008,5.99999785e-002
,,,2.10000000e-008,7.19999790e-002
,,,2.10400000e-008,5.99999785e-002
,,,2.10800000e-008,5.99999785e-002
,,,2.11200000e-008,4.79999781e-002
,,,2.11600000e-008,4.79999781e-002
,,,2.12000000e-008,4.79999781e-002
,,,2.12400000e-008,4.79999781e-002
,,,2.12800000e-008,4.79999781e-002
,,,2.13200000e-008,5.99999785e-002
,,,2.13600000e-008,4.79999781e-002
,,,2.14000000e-008,4.79999781e-002
,,,2.14400000e-008,3.59999776e-002
,,,2.14800000e-008,4.79999781e-002
,,,2.15200000e-008,4.79999781e-002
,,,2.15600000e-008,4.79999781e-002
,,,2.16000000e-008,4.79999781e-002
,,,2.16400000e-008,4.79999781e-002
,,,2.16800000e-008,3.59999776e-002
,,,2.17200000e-008,3.59999776e-002
,,,2.17600000e-008,3.59999776e-002
,,,2.18000000e-008,4.79999781e-002
,,,2.18400000e-008,4.79999781e-002
,,,2.18800000e-008,4.79999781e-002
,,,2.19200000e-008,4.79999781e-002
,,,2.19600000e-008,4.79999781e-002
,,,2.20000000e-008,4.79999781e-002
,,,2.20400000e-008,5.99999785e-002
,,,2.20800000e-008,5.99999785e-002
,,,2.21200000e-008,5.99999785e-002
,,,2.21600000e-008,4.79999781e-002
,,,2.22000000e-008,4.79999781e-002
,,,2.22400000e-008,3.59999776e-002
,,,2.22800000e-008,2.39999771e-002
,,,2.23200000e-008,2.39999771e-002
,,,2.23600000e-008,2.39999771e-002
,,,2.24000000e-008,3.59999776e-002
,,,2.24400000e-008,3.59999776e-002
,,,2.24800000e-008,3.59999776e-002
,,,2.25200000e-008,3.59999776e-002
,,,2.25600000e-008,3.59999776e-002
,,,2.26000000e-008,3.59999776e-002
,,,2.26400000e-008,4.79999781e-002
,,,2.26800000e-008,4.79999781e-002
,,,2.27200000e-008,4.79999781e-002
,,,2.27600000e-008,4.79999781e-002
,,,2.28000000e-008,3.59999776e-002
,,,2.28400000e-008,3.59999776e-002
,,,2.28800000e-008,3.59999776e-002
,,,2.29200000e-008,2.39999771e-002
,,,2.29600000e-008,3.59999776e-002
,,,2.30000000e-008,3.59999776e-002
,,,2.30400000e-008,4.79999781e-002
,,,2.30800000e-008,4.79999781e-002
,,,2.31200000e-008,3.59999776e-002
,,,2.31600000e-008,2.39999771e-002
,,,2.32000000e-008,1.19999766e-002
,,,2.32400000e-008,1.19999766e-002
,,,2.32800000e-008,2.39999771e-002
,,,2.33200000e-008,3.59999776e-002
,,,2.33600000e-008,3.59999776e-002
,,,2.34000000e-008,3.59999776e-002
,,,2.34400000e-008,2.39999771e-002
,,,2.34800000e-008,1.19999766e-002
,,,2.35200000e-008,1.19999766e-002
,,,2.35600000e-008,1.19999766e-002
,,,2.36000000e-008,1.19999766e-002
,,,2.36400000e-008,2.39999771e-002
,,,2.36800000e-008,2.39999771e-002
,,,2.37200000e-008,3.59999776e-002
,,,2.37600000e-008,3.59999776e-002
,,,2.38000000e-008,3.59999776e-002
,,,2.38400000e-008,2.39999771e-002
,,,2.38800000e-008,1.19999766e-002
,,,2.39200000e-008,1.19999766e-002
,,,2.39600000e-008,1.19999766e-002
,,,2.40000000e-008,2.39999771e-002
,,,2.40400000e-008,2.39999771e-002
,,,2.40800000e-008,3.59999776e-002
,,,2.41200000e-008,3.59999776e-002
,,,2.41600000e-008,2.39999771e-002
,,,2.42000000e-008,1.19999766e-002
,,,2.42400000e-008,1.19999766e-002
,,,2.42800000e-008,1.19999766e-002
,,,2.43200000e-008,1.19999766e-002
,,,2.43600000e-008,2.39999771e-002
,,,2.44000000e-008,2.39999771e-002
,,,2.44400000e-008,1.19999766e-002
,,,2.44800000e-008,1.19999766e-002
,,,2.45200000e-008,-2.38418580e-008
,,,2.45600000e-008,-2.38418580e-008
,,,2.46000000e-008,-2.38418580e-008
,,,2.46400000e-008,1.19999766e-002
,,,2.46800000e-008,1.19999766e-002
,,,2.47200000e-008,1.19999766e-002
,,,2.47600000e-008,1.19999766e-002
,,,2.48000000e-008,1.19999766e-002
,,,2.48400000e-008,1.19999766e-002
,,,2.48800000e-008,1.19999766e-002
,,,2.49200000e-008,1.19999766e-002
,,,2.49600000e-008,2.39999771e-002
,,,2.50000000e-008,2.39999771e-002
,,,2.50400000e-008,2.39999771e-002
,,,2.50800000e-008,2.39999771e-002
,,,2.51200000e-008,2.39999771e-002
,,,2.51600000e-008,1.19999766e-002
,,,2.52000000e-008,1.19999766e-002
,,,2.52400000e-008,2.39999771e-002
,,,2.52800000e-008,2.39999771e-002
,,,2.53200000e-008,2.39999771e-002
,,,2.53600000e-008,2.39999771e-002
,,,2.54000000e-008,1.19999766e-002
,,,2.54400000e-008,1.19999766e-002
,,,2.54800000e-008,-2.38418580e-008
,,,2.55200000e-008,-2.38418580e-008
,,,2.55600000e-008,1.19999766e-002
,,,2.56000000e-008,2.39999771e-002
,,,2.56400000e-008,2.39999771e-002
,,,2.56800000e-008,2.39999771e-002
,,,2.57200000e-008,1.19999766e-002
,,,2.57600000e-008,1.19999766e-002
,,,2.58000000e-008,1.19999766e-002
,,,2.58400000e-008,-2.38418580e-008
,,,2.58800000e-008,-2.38418580e-008
,,,2.59200000e-008,-2.38418580e-008
,,,2.59600000e-008,-2.38418580e-008
,,,2.60000000e-008,-2.38418580e-008
,,,2.60400000e-008,1.19999766e-002
,,,2.60800000e-008,1.19999766e-002
,,,2.61200000e-008,1.19999766e-002
,,,2.61600000e-008,1.19999766e-002
,,,2.62000000e-008,1.19999766e-002
,,,2.62400000e-008,1.19999766e-002
,,,2.62800000e-008,-2.38418580e-008
,,,2.63200000e-008,-2.38418580e-008
,,,2.63600000e-008,-1.20000243e-002
,,,2.64000000e-008,-1.20000243e-002
,,,2.64400000e-008,-1.20000243e-002
,,,2.64800000e-008,-2.38418580e-008
,,,2.65200000e-008,-2.38418580e-008
,,,2.65600000e-008,1.19999766e-002
,,,2.66000000e-008,1.19999766e-002
,,,2.66400000e-008,1.19999766e-002
,,,2.66800000e-008,1.19999766e-002
,,,2.67200000e-008,2.39999771e-002
,,,2.67600000e-008,3.59999776e-002
,,,2.68000000e-008,3.59999776e-002
,,,2.68400000e-008,2.39999771e-002
,,,2.68800000e-008,1.19999766e-002
,,,2.69200000e-008,1.19999766e-002
,,,2.69600000e-008,-2.38418580e-008
,,,2.70000000e-008,-2.38418580e-008
,,,2.70400000e-008,1.19999766e-002
,,,2.70800000e-008,1.19999766e-002
,,,2.71200000e-008,1.19999766e-002
,,,2.71600000e-008,1.19999766e-002
,,,2.72000000e-008,1.19999766e-002
,,,2.72400000e-008,1.19999766e-002
,,,2.72800000e-008,1.19999766e-002
,,,2.73200000e-008,1.19999766e-002
,,,2.73600000e-008,-2.38418580e-008
,,,2.74000000e-008,-2.38418580e-008
,,,2.74400000e-008,-2.38418580e-008
,,,2.74800000e-008,-2.38418580e-008
,,,2.75200000e-008,-2.38418580e-008
,,,2.75600000e-008,-2.38418580e-008
,,,2.76000000e-008,1.19999766e-002
,,,2.76400000e-008,1.19999766e-002
,,,2.76800000e-008,-2.38418580e-008
,,,2.77200000e-008,-2.38418580e-008
,,,2.77600000e-008,-1.20000243e-002
,,,2.78000000e-008,-1.20000243e-002
,,,2.78400000e-008,-2.38418580e-008
,,,2.78800000e-008,-2.38418580e-008
,,,2.79200000e-008,1.19999766e-002
,,,2.79600000e-008,1.19999766e-002
,,,2.80000000e-008,1.19999766e-002
,,,2.80400000e-008,-2.38418580e-008
,,,2.80800000e-008,-2.38418580e-008
,,,2.81200000e-008,-2.38418580e-008
,,,2.81600000e-008,-2.38418580e-008
,,,2.82000000e-008,-2.38418580e-008
,,,2.82400000e-008,-2.38418580e-008
,,,2.82800000e-008,-2.38418580e-008
,,,2.83200000e-008,-2.38418580e-008
,,,2.83600000e-008,-2.38418580e-008
,,,2.84000000e-008,-2.38418580e-008
,,,2.84400000e-008,-2.38418580e-008
,,,2.84800000e-008,-2.38418580e-008
,,,2.85200000e-008,-2.38418580e-008
,,,2.85600000e-008,-2.38418580e-008
,,,2.86000000e-008,-2.38418580e-008
,,,2.86400000e-008,-2.38418580e-008
,,,2.86800000e-008,1.19999766e-002
,,,2.87200000e-008,1.19999766e-002
,,,2.87600000e-008,1.19999766e-002
,,,2.88000000e-008,-2.38418580e-008
,,,2.88400000e-008,-2.38418580e-008
,,,2.88800000e-008,-1.20000243e-002
,,,2.89200000e-008,-2.38418580e-008
,,,2.89600000e-008,-2.38418580e-008
,,,2.90000000e-008,1.19999766e-002
,,,2.90400000e-008,2.39999771e-002
,,,2.90800000e-008,2.39999771e-002
,,,2.91200000e-008,1.19999766e-002
,,,2.91600000e-008,-2.38418580e-008
,,,2.92000000e-008,-2.38418580e-008
,,,2.92400000e-008,-2.38418580e-008
,,,2.92800000e-008,-2.38418580e-008
,,,2.93200000e-008,1.19999766e-002
,,,2.93600000e-008,1.19999766e-002
,,,2.94000000e-008,-2.38418580e-008
,,,2.94400000e-008,-2.38418580e-008
,,,2.94800000e-008,-2.38418580e-008
,,,2.95200000e-008,1.19999766e-002
,,,2.95600000e-008,1.19999766e-002
,,,2.96000000e-008,1.19999766e-002
,,,2.96400000e-008,1.19999766e-002
,,,2.96800000e-008,1.19999766e-002
,,,2.97200000e-008,1.19999766e-002
,,,2.97600000e-008,2.39999771e-002
,,,2.98000000e-008,2.39999771e-002
,,,2.98400000e-008,3.59999776e-002
,,,2.98800000e-008,2.39999771e-002
,,,2.99200000e-008,1.19999766e-002
,,,2.99600000e-008,-2.38418580e-008
,,,3.00000000e-008,-1.20000243e-002
,,,3.00400000e-008,-2.38418580e-008
,,,3.00800000e-008,1.19999766e-002
,,,3.01200000e-008,1.19999766e-002
,,,3.01600000e-008,1.19999766e-002
,,,3.02000000e-008,-2.38418580e-008
,,,3.02400000e-008,-2.38418580e-008
,,,3.02800000e-008,-2.38418580e-008
,,,3.03200000e-008,-2.38418580e-008
,,,3.03600000e-008,-2.38418580e-008
,,,3.04000000e-008,1.19999766e-002
,,,3.04400000e-008,1.19999766e-002
,,,3.04800000e-008,1.19999766e-002
,,,3.05200000e-008,1.19999766e-002
,,,3.05600000e-008,2.39999771e-002
,,,3.06000000e-008,2.39999771e-002
,,,3.06400000e-008,2.39999771e-002
,,,3.06800000e-008,1.19999766e-002
,,,3.07200000e-008,-2.38418580e-008
,,,3.07600000e-008,-2.38418580e-008
,,,3.08000000e-008,-2.38418580e-008
,,,3.08400000e-008,1.19999766e-002
,,,3.08800000e-008,1.19999766e-002
,,,3.09200000e-008,1.19999766e-002
,,,3.09600000e-008,-2.38418580e-008
,,,3.10000000e-008,-2.38418580e-008
,,,3.10400000e-008,-2.38418580e-008
,,,3.10800000e-008,1.19999766e-002
,,,3.11200000e-008,1.19999766e-002
,,,3.11600000e-008,1.19999766e-002
,,,3.12000000e-008,-2.38418580e-008
,,,3.12400000e-008,-2.38418580e-008
,,,3.12800000e-008,-1.20000243e-002
,,,3.13200000e-008,-2.38418580e-008
,,,3.13600000e-008,1.19999766e-002
,,,3.14000000e-008,1.19999766e-002
,,,3.14400000e-008,1.19999766e-002
,,,3.14800000e-008,-2.38418580e-008
,,,3.15200000e-008,-2.38418580e-008
,,,3.15600000e-008,-2.38418580e-008
,,,3.16000000e-008,-2.38418580e-008
,,,3.16400000e-008,1.19999766e-002
,,,3.16800000e-008,1.19999766e-002
,,,3.17200000e-008,1.19999766e-002
,,,3.17600000e-008,-2.38418580e-008
,,,3.18000000e-008,-2.38418580e-008
,,,3.18400000e-008,1.19999766e-002
,,,3.18800000e-008,2.39999771e-002
,,,3.19200000e-008,2.39999771e-002
,,,3.19600000e-008,2.39999771e-002
,,,3.20000000e-008,2.39999771e-002
,,,3.20400000e-008,2.39999771e-002
,,,3.20800000e-008,2.39999771e-002
,,,3.21200000e-008,2.39999771e-002
,,,3.21600000e-008,2.39999771e-002
,,,3.22000000e-008,2.39999771e-002
,,,3.22400000e-008,1.19999766e-002
,,,3.22800000e-008,1.19999766e-002
,,,3.23200000e-008,1.19999766e-002
,,,3.23600000e-008,1.19999766e-002
,,,3.24000000e-008,1.19999766e-002
,,,3.24400000e-008,2.39999771e-002
,,,3.24800000e-008,2.39999771e-002
,,,3.25200000e-008,2.39999771e-002
,,,3.25600000e-008,1.19999766e-002
,,,3.26000000e-008,1.19999766e-002
,,,3.26400000e-008,1.19999766e-002
,,,3.26800000e-008,1.19999766e-002
,,,3.27200000e-008,1.19999766e-002
,,,3.27600000e-008,2.39999771e-002
,,,3.28000000e-008,2.39999771e-002
,,,3.28400000e-008,2.39999771e-002
,,,3.28800000e-008,2.39999771e-002
,,,3.29200000e-008,2.39999771e-002
,,,3.29600000e-008,2.39999771e-002
,,,3.30000000e-008,2.39999771e-002
,,,3.30400000e-008,2.39999771e-002
,,,3.30800000e-008,2.39999771e-002
,,,3.31200000e-008,2.39999771e-002
,,,3.31600000e-008,2.39999771e-002
,,,3.32000000e-008,2.39999771e-002
,,,3.32400000e-008,1.19999766e-002
,,,3.32800000e-008,1.19999766e-002
,,,3.33200000e-008,1.19999766e-002
,,,3.33600000e-008,1.19999766e-002
,,,3.34000000e-008,1.19999766e-002
,,,3.34400000e-008,-2.38418580e-008
,,,3.34800000e-008,-2.38418580e-008
,,,3.35200000e-008,-2.38418580e-008
,,,3.35600000e-008,-2.38418580e-008
,,,3.36000000e-008,1.19999766e-002
,,,3.36400000e-008,2.39999771e-002
,,,3.36800000e-008,2.39999771e-002
,,,3.37200000e-008,1.19999766e-002
,,,3.37600000e-008,1.19999766e-002
,,,3.38000000e-008,1.19999766e-002
,,,3.38400000e-008,1.19999766e-002
,,,3.38800000e-008,1.19999766e-002
,,,3.39200000e-008,1.19999766e-002
,,,3.39600000e-008,1.19999766e-002
,,,3.40000000e-008,1.19999766e-002
,,,3.40400000e-008,2.39999771e-002
,,,3.40800000e-008,2.39999771e-002
,,,3.41200000e-008,2.39999771e-002
,,,3.41600000e-008,1.19999766e-002
,,,3.42000000e-008,1.19999766e-002
,,,3.42400000e-008,1.19999766e-002
,,,3.42800000e-008,2.39999771e-002
,,,3.43200000e-008,3.59999776e-002
,,,3.43600000e-008,3.59999776e-002
,,,3.44000000e-008,3.59999776e-002
,,,3.44400000e-008,2.39999771e-002
,,,3.44800000e-008,1.19999766e-002
,,,3.45200000e-008,1.19999766e-002
,,,3.45600000e-008,1.19999766e-002
,,,3.46000000e-008,1.19999766e-002
,,,3.46400000e-008,1.19999766e-002
,,,3.46800000e-008,-2.38418580e-008
,,,3.47200000e-008,-2.38418580e-008
,,,3.47600000e-008,-2.38418580e-008
,,,3.48000000e-008,-2.38418580e-008
,,,3.48400000e-008,1.19999766e-002
,,,3.48800000e-008,1.19999766e-002
,,,3.49200000e-008,1.19999766e-002
,,,3.49600000e-008,1.19999766e-002
,,,3.50000000e-008,1.19999766e-002
,,,3.50400000e-008,2.39999771e-002
,,,3.50800000e-008,2.39999771e-002
,,,3.51200000e-008,2.39999771e-002
,,,3.51600000e-008,2.39999771e-002
,,,3.52000000e-008,2.39999771e-002
,,,3.52400000e-008,1.19999766e-002
,,,3.52800000e-008,1.19999766e-002
,,,3.53200000e-008,1.19999766e-002
,,,3.53600000e-008,-2.38418580e-008
,,,3.54000000e-008,-2.38418580e-008
,,,3.54400000e-008,-2.38418580e-008
,,,3.54800000e-008,-2.38418580e-008
,,,3.55200000e-008,1.19999766e-002
,,,3.55600000e-008,1.19999766e-002
,,,3.56000000e-008,1.19999766e-002
,,,3.56400000e-008,1.19999766e-002
,,,3.56800000e-008,1.19999766e-002
,,,3.57200000e-008,1.19999766e-002
,,,3.57600000e-008,1.19999766e-002
,,,3.58000000e-008,1.19999766e-002
,,,3.58400000e-008,1.19999766e-002
,,,3.58800000e-008,2.39999771e-002
,,,3.59200000e-008,2.39999771e-002
,,,3.59600000e-008,2.39999771e-002
,,,3.60000000e-008,1.19999766e-002
,,,3.60400000e-008,1.19999766e-002
,,,3.60800000e-008,-2.38418580e-008
,,,3.61200000e-008,-2.38418580e-008
,,,3.61600000e-008,1.19999766e-002
,,,3.62000000e-008,2.39999771e-002
,,,3.62400000e-008,2.39999771e-002
,,,3.62800000e-008,2.39999771e-002
,,,3.63200000e-008,1.19999766e-002
,,,3.63600000e-008,1.19999766e-002
,,,3.64000000e-008,1.19999766e-002
,,,3.64400000e-008,2.39999771e-002
,,,3.64800000e-008,3.59999776e-002
,,,3.65200000e-008,3.59999776e-002
,,,3.65600000e-008,2.39999771e-002
,,,3.66000000e-008,1.19999766e-002
,,,3.66400000e-008,-2.38418580e-008
,,,3.66800000e-008,-2.38418580e-008
,,,3.67200000e-008,1.19999766e-002
,,,3.67600000e-008,1.19999766e-002
,,,3.68000000e-008,2.39999771e-002
,,,3.68400000e-008,2.39999771e-002
,,,3.68800000e-008,2.39999771e-002
,,,3.69200000e-008,1.19999766e-002
,,,3.69600000e-008,1.19999766e-002
,,,3.70000000e-008,1.19999766e-002
,,,3.70400000e-008,1.19999766e-002
,,,3.70800000e-008,1.19999766e-002
,,,3.71200000e-008,-2.38418580e-008
,,,3.71600000e-008,-2.38418580e-008
,,,3.72000000e-008,1.19999766e-002
,,,3.72400000e-008,1.19999766e-002
,,,3.72800000e-008,1.19999766e-002
,,,3.73200000e-008,1.19999766e-002
,,,3.73600000e-008,-2.38418580e-008
,,,3.74000000e-008,1.19999766e-002
,,,3.74400000e-008,1.19999766e-002
,,,3.74800000e-008,1.19999766e-002
,,,3.75200000e-008,1.19999766e-002
,,,3.75600000e-008,1.19999766e-002
,,,3.76000000e-008,-2.38418580e-008
,,,3.76400000e-008,-2.38418580e-008
,,,3.76800000e-008,1.19999766e-002
,,,3.77200000e-008,1.19999766e-002
,,,3.77600000e-008,2.39999771e-002
,,,3.78000000e-008,2.39999771e-002
,,,3.78400000e-008,2.39999771e-002
,,,3.78800000e-008,2.39999771e-002
,,,3.79200000e-008,1.19999766e-002
,,,3.79600000e-008,1.19999766e-002
,,,3.80000000e-008,1.19999766e-002
,,,3.80400000e-008,1.19999766e-002
,,,3.80800000e-008,1.19999766e-002
,,,3.81200000e-008,2.39999771e-002
,,,3.81600000e-008,2.39999771e-002
,,,3.82000000e-008,2.39999771e-002
,,,3.82400000e-008,1.19999766e-002
,,,3.82800000e-008,1.19999766e-002
,,,3.83200000e-008,-2.38418580e-008
,,,3.83600000e-008,-2.38418580e-008
,,,3.84000000e-008,-2.38418580e-008
,,,3.84400000e-008,-1.20000243e-002
,,,3.84800000e-008,-1.20000243e-002
,,,3.85200000e-008,-2.38418580e-008
,,,3.85600000e-008,1.19999766e-002
,,,3.86000000e-008,2.39999771e-002
,,,3.86400000e-008,2.39999771e-002
,,,3.86800000e-008,2.39999771e-002
,,,3.87200000e-008,1.19999766e-002
,,,3.87600000e-008,-2.38418580e-008
,,,3.88000000e-008,-2.38418580e-008
,,,3.88400000e-008,1.19999766e-002
,,,3.88800000e-008,1.19999766e-002
,,,3.89200000e-008,1.19999766e-002
,,,3.89600000e-008,1.19999766e-002
,,,3.90000000e-008,1.19999766e-002
,,,3.90400000e-008,1.19999766e-002
,,,3.90800000e-008,1.19999766e-002
,,,3.91200000e-008,1.19999766e-002
,,,3.91600000e-008,1.19999766e-002
,,,3.92000000e-008,1.19999766e-002
,,,3.92400000e-008,1.19999766e-002
,,,3.92800000e-008,2.39999771e-002
,,,3.93200000e-008,2.39999771e-002
,,,3.93600000e-008,2.39999771e-002
,,,3.94000000e-008,2.39999771e-002
,,,3.94400000e-008,1.19999766e-002
,,,3.94800000e-008,1.19999766e-002
,,,3.95200000e-008,-2.38418580e-008
,,,3.95600000e-008,1.19999766e-002
,,,3.96000000e-008,1.19999766e-002
,,,3.96400000e-008,2.39999771e-002
,,,3.96800000e-008,2.39999771e-002
,,,3.97200000e-008,2.39999771e-002
,,,3.97600000e-008,2.39999771e-002
,,,3.98000000e-008,2.39999771e-002
,,,3.98400000e-008,2.39999771e-002
,,,3.98800000e-008,2.39999771e-002
,,,3.99200000e-008,1.19999766e-002
,,,3.99600000e-008,1.19999766e-002
,,,4.00000000e-008,1.19999766e-002
,,,4.00400000e-008,1.19999766e-002
,,,4.00800000e-008,1.19999766e-002
,,,4.01200000e-008,1.19999766e-002
,,,4.01600000e-008,1.19999766e-002
,,,4.02000000e-008,1.19999766e-002
,,,4.02400000e-008,1.19999766e-002
,,,4.02800000e-008,1.19999766e-002
,,,4.03200000e-008,1.19999766e-002
,,,4.03600000e-008,-2.38418580e-008
,,,4.04000000e-008,-2.38418580e-008
,,,4.04400000e-008,-2.38418580e-008
,,,4.04800000e-008,-2.38418580e-008
,,,4.05200000e-008,-2.38418580e-008
,,,4.05600000e-008,-2.38418580e-008
,,,4.06000000e-008,-2.38418580e-008
,,,4.06400000e-008,-2.38418580e-008
,,,4.06800000e-008,-2.38418580e-008
,,,4.07200000e-008,1.19999766e-002
,,,4.07600000e-008,2.39999771e-002
,,,4.08000000e-008,2.39999771e-002
,,,4.08400000e-008,2.39999771e-002
,,,4.08800000e-008,-2.38418580e-008
,,,4.09200000e-008,-2.38418580e-008
,,,4.09600000e-008,-2.38418580e-008
,,,4.10000000e-008,-2.38418580e-008
,,,4.10400000e-008,-2.38418580e-008
,,,4.10800000e-008,-2.38418580e-008
,,,4.11200000e-008,-2.38418580e-008
,,,4.11600000e-008,1.19999766e-002
,,,4.12000000e-008,1.19999766e-002
,,,4.12400000e-008,1.19999766e-002
,,,4.12800000e-008,1.19999766e-002
,,,4.13200000e-008,1.19999766e-002
,,,4.13600000e-008,-2.38418580e-008
,,,4.14000000e-008,-2.38418580e-008
,,,4.14400000e-008,-2.38418580e-008
,,,4.14800000e-008,1.19999766e-002
,,,4.15200000e-008,1.19999766e-002
,,,4.15600000e-008,1.19999766e-002
,,,4.16000000e-008,1.19999766e-002
,,,4.16400000e-008,1.19999766e-002
,,,4.16800000e-008,1.19999766e-002
,,,4.17200000e-008,1.19999766e-002
,,,4.17600000e-008,2.39999771e-002
,,,4.18000000e-008,2.39999771e-002
,,,4.18400000e-008,1.19999766e-002
,,,4.18800000e-008,-2.38418580e-008
,,,4.19200000e-008,-2.38418580e-008
,,,4.19600000e-008,1.19999766e-002
,,,4.20000000e-008,1.19999766e-002
,,,4.20400000e-008,2.39999771e-002
,,,4.20800000e-008,2.39999771e-002
,,,4.21200000e-008,1.19999766e-002
,,,4.21600000e-008,-2.38418580e-008
,,,4.22000000e-008,-2.38418580e-008
,,,4.22400000e-008,-2.38418580e-008
,,,4.22800000e-008,-2.38418580e-008
,,,4.23200000e-008,1.19999766e-002
,,,4.23600000e-008,1.19999766e-002
,,,4.24000000e-008,1.19999766e-002
,,,4.24400000e-008,1.19999766e-002
,,,4.24800000e-008,1.19999766e-002
,,,4.25200000e-008,1.19999766e-002
,,,4.25600000e-008,1.19999766e-002
,,,4.26000000e-008,2.39999771e-002
,,,4.26400000e-008,2.39999771e-002
,,,4.26800000e-008,2.39999771e-002
,,,4.27200000e-008,2.39999771e-002
,,,4.27600000e-008,2.39999771e-002
,,,4.28000000e-008,2.39999771e-002
,,,4.28400000e-008,1.19999766e-002
,,,4.28800000e-008,1.19999766e-002
,,,4.29200000e-008,1.19999766e-002
,,,4.29600000e-008,1.19999766e-002
,,,4.30000000e-008,2.39999771e-002
,,,4.30400000e-008,2.39999771e-002
,,,4.30800000e-008,2.39999771e-002
,,,4.31200000e-008,1.19999766e-002
,,,4.31600000e-008,-2.38418580e-008
,,,4.32000000e-008,-2.38418580e-008
,,,4.32400000e-008,-2.38418580e-008
,,,4.32800000e-008,-2.38418580e-008
,,,4.33200000e-008,1.19999766e-002
,,,4.33600000e-008,1.19999766e-002
,,,4.34000000e-008,1.19999766e-002
,,,4.34400000e-008,1.19999766e-002
,,,4.34800000e-008,1.19999766e-002
,,,4.35200000e-008,1.19999766e-002
,,,4.35600000e-008,1.19999766e-002
,,,4.36000000e-008,1.19999766e-002
,,,4.36400000e-008,1.19999766e-002
,,,4.36800000e-008,1.19999766e-002
,,,4.37200000e-008,1.19999766e-002
,,,4.37600000e-008,1.19999766e-002
,,,4.38000000e-008,2.39999771e-002
,,,4.38400000e-008,2.39999771e-002
,,,4.38800000e-008,2.39999771e-002
,,,4.39200000e-008,1.19999766e-002
,,,4.39600000e-008,1.19999766e-002
,,,4.40000000e-008,1.19999766e-002
,,,4.40400000e-008,1.19999766e-002
,,,4.40800000e-008,1.19999766e-002
,,,4.41200000e-008,1.19999766e-002
,,,4.41600000e-008,1.19999766e-002
,,,4.42000000e-008,-2.38418580e-008
,,,4.42400000e-008,-2.38418580e-008
,,,4.42800000e-008,-2.38418580e-008
,,,4.43200000e-008,-2.38418580e-008
,,,4.43600000e-008,1.19999766e-002
,,,4.44000000e-008,1.19999766e-002
,,,4.44400000e-008,2.39999771e-002
,,,4.44800000e-008,2.39999771e-002
,,,4.45200000e-008,1.19999766e-002
,,,4.45600000e-008,1.19999766e-002
,,,4.46000000e-008,1.19999766e-002
,,,4.46400000e-008,-2.38418580e-008
,,,4.46800000e-008,-2.38418580e-008
,,,4.47200000e-008,-2.38418580e-008
,,,4.47600000e-008,-2.38418580e-008
,,,4.48000000e-008,1.19999766e-002
,,,4.48400000e-008,1.19999766e-002
,,,4.48800000e-008,1.19999766e-002
,,,4.49200000e-008,-2.38418580e-008
,,,4.49600000e-008,1.19999766e-002
,,,4.50000000e-008,1.19999766e-002
,,,4.50400000e-008,1.19999766e-002
,,,4.50800000e-008,2.39999771e-002
,,,4.51200000e-008,2.39999771e-002
,,,4.51600000e-008,2.39999771e-002
,,,4.52000000e-008,1.19999766e-002
,,,4.52400000e-008,1.19999766e-002
,,,4.52800000e-008,-2.38418580e-008
,,,4.53200000e-008,-2.38418580e-008
,,,4.53600000e-008,-2.38418580e-008
,,,4.54000000e-008,-2.38418580e-008
,,,4.54400000e-008,1.19999766e-002
,,,4.54800000e-008,2.39999771e-002
,,,4.55200000e-008,2.39999771e-002
,,,4.55600000e-008,2.39999771e-002
,,,4.56000000e-008,1.19999766e-002
,,,4.56400000e-008,-2.38418580e-008
,,,4.56800000e-008,-2.38418580e-008
,,,4.57200000e-008,1.19999766e-002
,,,4.57600000e-008,2.39999771e-002
,,,4.58000000e-008,2.39999771e-002
,,,4.58400000e-008,2.39999771e-002
,,,4.58800000e-008,2.39999771e-002
,,,4.59200000e-008,1.19999766e-002
,,,4.59600000e-008,1.19999766e-002
,,,4.60000000e-008,1.19999766e-002
,,,4.60400000e-008,1.19999766e-002
,,,4.60800000e-008,1.19999766e-002
,,,4.61200000e-008,1.19999766e-002
,,,4.61600000e-008,-2.38418580e-008
,,,4.62000000e-008,-2.38418580e-008
,,,4.62400000e-008,1.19999766e-002
,,,4.62800000e-008,1.19999766e-002
,,,4.63200000e-008,1.19999766e-002
,,,4.63600000e-008,1.19999766e-002
,,,4.64000000e-008,1.19999766e-002
,,,4.64400000e-008,1.19999766e-002
,,,4.64800000e-008,2.39999771e-002
,,,4.65200000e-008,2.39999771e-002
,,,4.65600000e-008,2.39999771e-002
,,,4.66000000e-008,1.19999766e-002
,,,4.66400000e-008,1.19999766e-002
,,,4.66800000e-008,-2.38418580e-008
,,,4.67200000e-008,-1.20000243e-002
,,,4.67600000e-008,-2.38418580e-008
,,,4.68000000e-008,-2.38418580e-008
,,,4.68400000e-008,1.19999766e-002
,,,4.68800000e-008,1.19999766e-002
,,,4.69200000e-008,2.39999771e-002
,,,4.69600000e-008,1.19999766e-002
,,,4.70000000e-008,1.19999766e-002
,,,4.70400000e-008,1.19999766e-002
,,,4.70800000e-008,1.19999766e-002
,,,4.71200000e-008,2.39999771e-002
,,,4.71600000e-008,2.39999771e-002
,,,4.72000000e-008,2.39999771e-002
,,,4.72400000e-008,1.19999766e-002
,,,4.72800000e-008,1.19999766e-002
,,,4.73200000e-008,1.19999766e-002
,,,4.73600000e-008,1.19999766e-002
,,,4.74000000e-008,1.19999766e-002
,,,4.74400000e-008,1.19999766e-002
,,,4.74800000e-008,1.19999766e-002
,,,4.75200000e-008,-2.38418580e-008
,,,4.75600000e-008,-2.38418580e-008
,,,4.76000000e-008,1.19999766e-002
,,,4.76400000e-008,1.19999766e-002
,,,4.76800000e-008,2.39999771e-002
,,,4.77200000e-008,2.39999771e-002
,,,4.77600000e-008,2.39999771e-002
,,,4.78000000e-008,1.19999766e-002
,,,4.78400000e-008,1.19999766e-002
,,,4.78800000e-008,1.19999766e-002
,,,4.79200000e-008,1.19999766e-002
,,,4.79600000e-008,1.19999766e-002
,,,4.80000000e-008,2.39999771e-002
,,,4.80400000e-008,1.19999766e-002
,,,4.80800000e-008,1.19999766e-002
,,,4.81200000e-008,1.19999766e-002
,,,4.81600000e-008,1.19999766e-002
,,,4.82000000e-008,1.19999766e-002
,,,4.82400000e-008,1.19999766e-002
,,,4.82800000e-008,2.39999771e-002
,,,4.83200000e-008,2.39999771e-002
,,,4.83600000e-008,1.19999766e-002
,,,4.84000000e-008,1.19999766e-002
,,,4.84400000e-008,1.19999766e-002
,,,4.84800000e-008,1.19999766e-002
,,,4.85200000e-008,1.19999766e-002
,,,4.85600000e-008,1.19999766e-002
,,,4.86000000e-008,2.39999771e-002
,,,4.86400000e-008,2.39999771e-002
,,,4.86800000e-008,2.39999771e-002
,,,4.87200000e-008,2.39999771e-002
,,,4.87600000e-008,2.39999771e-002
,,,4.88000000e-008,2.39999771e-002
,,,4.88400000e-008,1.19999766e-002
,,,4.88800000e-008,2.39999771e-002
,,,4.89200000e-008,2.39999771e-002
,,,4.89600000e-008,2.39999771e-002
,,,4.90000000e-008,3.59999776e-002
,,,4.90400000e-008,3.59999776e-002
,,,4.90800000e-008,3.59999776e-002
,,,4.91200000e-008,2.39999771e-002
,,,4.91600000e-008,2.39999771e-002
,,,4.92000000e-008,1.19999766e-002
,,,4.92400000e-008,-2.38418580e-008
,,,4.92800000e-008,-2.38418580e-008
,,,4.93200000e-008,-2.38418580e-008
,,,4.93600000e-008,1.19999766e-002
,,,4.94000000e-008,1.19999766e-002
,,,4.94400000e-008,1.19999766e-002
,,,4.94800000e-008,2.39999771e-002
,,,4.95200000e-008,2.39999771e-002
,,,4.95600000e-008,2.39999771e-002
,,,4.96000000e-008,2.39999771e-002
,,,4.96400000e-008,2.39999771e-002
,,,4.96800000e-008,1.19999766e-002
,,,4.97200000e-008,1.19999766e-002
,,,4.97600000e-008,1.19999766e-002
,,,4.98000000e-008,1.19999766e-002
,,,4.98400000e-008,1.19999766e-002
,,,4.98800000e-008,1.19999766e-002
,,,4.99200000e-008,-2.38418580e-008
,,,4.99600000e-008,-2.38418580e-008
,,,5.00000000e-008,-2.38418580e-008
,,,5.00400000e-008,-2.38418580e-008
,,,5.00800000e-008,1.19999766e-002
,,,5.01200000e-008,2.39999771e-002
,,,5.01600000e-008,2.39999771e-002
,,,5.02000000e-008,1.19999766e-002
,,,5.02400000e-008,-2.38418580e-008
,,,5.02800000e-008,-2.38418580e-008
,,,5.03200000e-008,-2.38418580e-008
,,,5.03600000e-008,1.19999766e-002
,,,5.04000000e-008,2.39999771e-002
,,,5.04400000e-008,2.39999771e-002
,,,5.04800000e-008,2.39999771e-002
,,,5.05200000e-008,2.39999771e-002
,,,5.05600000e-008,1.19999766e-002
,,,5.06000000e-008,1.19999766e-002
,,,5.06400000e-008,1.19999766e-002
,,,5.06800000e-008,1.19999766e-002
,,,5.07200000e-008,1.19999766e-002
,,,5.07600000e-008,-2.38418580e-008
,,,5.08000000e-008,-2.38418580e-008
,,,5.08400000e-008,-1.20000243e-002
,,,5.08800000e-008,-2.38418580e-008
,,,5.09200000e-008,1.19999766e-002
,,,5.09600000e-008,2.39999771e-002
,,,5.10000000e-008,3.59999776e-002
,,,5.10400000e-008,3.59999776e-002
,,,5.10800000e-008,2.39999771e-002
,,,5.11200000e-008,2.39999771e-002
,,,5.11600000e-008,1.19999766e-002
,,,5.12000000e-008,1.19999766e-002
,,,5.12400000e-008,1.19999766e-002
,,,5.12800000e-008,1.19999766e-002
,,,5.13200000e-008,1.19999766e-002
,,,5.13600000e-008,-2.38418580e-008
,,,5.14000000e-008,-2.38418580e-008
,,,5.14400000e-008,-2.38418580e-008
,,,5.14800000e-008,-2.38418580e-008
,,,5.15200000e-008,1.19999766e-002
,,,5.15600000e-008,1.19999766e-002
,,,5.16000000e-008,2.39999771e-002
,,,5.16400000e-008,2.39999771e-002
,,,5.16800000e-008,1.19999766e-002
,,,5.17200000e-008,1.19999766e-002
,,,5.17600000e-008,1.19999766e-002
,,,5.18000000e-008,1.19999766e-002
,,,5.18400000e-008,1.19999766e-002
,,,5.18800000e-008,1.19999766e-002
,,,5.19200000e-008,1.19999766e-002
,,,5.19600000e-008,1.19999766e-002
,,,5.20000000e-008,-2.38418580e-008
,,,5.20400000e-008,-2.38418580e-008
,,,5.20800000e-008,1.19999766e-002
,,,5.21200000e-008,1.19999766e-002
,,,5.21600000e-008,2.39999771e-002
,,,5.22000000e-008,2.39999771e-002
,,,5.22400000e-008,2.39999771e-002
,,,5.22800000e-008,1.19999766e-002
,,,5.23200000e-008,1.19999766e-002
,,,5.23600000e-008,-2.38418580e-008
,,,5.24000000e-008,-2.38418580e-008
,,,5.24400000e-008,1.19999766e-002
,,,5.24800000e-008,1.19999766e-002
,,,5.25200000e-008,2.39999771e-002
,,,5.25600000e-008,2.39999771e-002
,,,5.26000000e-008,2.39999771e-002
,,,5.26400000e-008,1.19999766e-002
,,,5.26800000e-008,-2.38418580e-008
,,,5.27200000e-008,-2.38418580e-008
,,,5.27600000e-008,-2.38418580e-008
,,,5.28000000e-008,-2.38418580e-008
,,,5.28400000e-008,-2.38418580e-008
,,,5.28800000e-008,-2.38418580e-008
,,,5.29200000e-008,-2.38418580e-008
,,,5.29600000e-008,-2.38418580e-008
,,,5.30000000e-008,-2.38418580e-008
,,,5.30400000e-008,-2.38418580e-008
,,,5.30800000e-008,-2.38418580e-008
,,,5.31200000e-008,1.19999766e-002
,,,5.31600000e-008,1.19999766e-002
,,,5.32000000e-008,1.19999766e-002
,,,5.32400000e-008,1.19999766e-002
,,,5.32800000e-008,1.19999766e-002
,,,5.33200000e-008,-2.38418580e-008
,,,5.33600000e-008,1.19999766e-002
,,,5.34000000e-008,1.19999766e-002
,,,5.34400000e-008,2.39999771e-002
,,,5.34800000e-008,1.19999766e-002
,,,5.35200000e-008,1.19999766e-002
,,,5.35600000e-008,1.19999766e-002
,,,5.36000000e-008,1.19999766e-002
,,,5.36400000e-008,2.39999771e-002
,,,5.36800000e-008,2.39999771e-002
,,,5.37200000e-008,2.39999771e-002
,,,5.37600000e-008,2.39999771e-002
,,,5.38000000e-008,1.19999766e-002
,,,5.38400000e-008,1.19999766e-002
,,,5.38800000e-008,1.19999766e-002
,,,5.39200000e-008,2.39999771e-002
,,,5.39600000e-008,1.19999766e-002
,,,5.40000000e-008,1.19999766e-002
,,,5.40400000e-008,1.19999766e-002
,,,5.40800000e-008,2.39999771e-002
,,,5.41200000e-008,2.39999771e-002
,,,5.41600000e-008,2.39999771e-002
,,,5.42000000e-008,2.39999771e-002
,,,5.42400000e-008,1.19999766e-002
,,,5.42800000e-008,-2.38418580e-008
,,,5.43200000e-008,-2.38418580e-008
,,,5.43600000e-008,-2.38418580e-008
,,,5.44000000e-008,-2.38418580e-008
,,,5.44400000e-008,-2.38418580e-008
,,,5.44800000e-008,1.19999766e-002
,,,5.45200000e-008,1.19999766e-002
,,,5.45600000e-008,-2.38418580e-008
,,,5.46000000e-008,-2.38418580e-008
,,,5.46400000e-008,-2.38418580e-008
,,,5.46800000e-008,-2.38418580e-008
,,,5.47200000e-008,-2.38418580e-008
,,,5.47600000e-008,1.19999766e-002
,,,5.48000000e-008,1.19999766e-002
,,,5.48400000e-008,1.19999766e-002
,,,5.48800000e-008,1.19999766e-002
,,,5.49200000e-008,-2.38418580e-008
,,,5.49600000e-008,-2.38418580e-008
,,,5.50000000e-008,-2.38418580e-008
,,,5.50400000e-008,1.19999766e-002
,,,5.50800000e-008,1.19999766e-002
,,,5.51200000e-008,2.39999771e-002
,,,5.51600000e-008,2.39999771e-002
,,,5.52000000e-008,1.19999766e-002
,,,5.52400000e-008,1.19999766e-002
,,,5.52800000e-008,1.19999766e-002
,,,5.53200000e-008,1.19999766e-002
,,,5.53600000e-008,1.19999766e-002
,,,5.54000000e-008,1.19999766e-002
,,,5.54400000e-008,1.19999766e-002
,,,5.54800000e-008,-2.38418580e-008
,,,5.55200000e-008,1.19999766e-002
,,,5.55600000e-008,1.19999766e-002
,,,5.56000000e-008,1.19999766e-002
,,,5.56400000e-008,1.19999766e-002
,,,5.56800000e-008,1.19999766e-002
,,,5.57200000e-008,-2.38418580e-008
,,,5.57600000e-008,-2.38418580e-008
,,,5.58000000e-008,-2.38418580e-008
,,,5.58400000e-008,1.19999766e-002
,,,5.58800000e-008,1.19999766e-002
,,,5.59200000e-008,1.19999766e-002
,,,5.59600000e-008,1.19999766e-002
